Dataset,Provider,Purpose,Somalia Coverage,Region Coverage,District Coverage,Spatial Resolution,Temporal Resolution,Historical Start,Historical End,Update Frequency,Format,API/Bulk Access,Authentication,License/Terms,Raw Downloaded,Connector Available,Quality Status,Phase-2 Readiness,Notes
01 Boundaries,OCHA Somalia COD-AB,Canonical joins,Yes,Yes,Yes,Vector,Static,N/A,N/A,Manual,GeoJSON/XLSX,No,No,CC BY IGO,Yes,Manual,PASS,READY,Matched to v03 valid_on 2025-01-08; original local download date unrecorded.
02 Rainfall,UCSB CHC CHIRPS v3 final rnl p25,Rainfall/anomalies,91 Somalia districts,Yes,Yes,0.25 degree source,Daily plus dekad,2015-01-01,2025-12-31,Daily/final,GeoTIFF source; CSV derived,Bulk HTTPS,No,CHC terms,Derived district archive,Automated historical,PASS,READY,Production district history is complete for the 2015-2025 common environmental window; compact p25 summaries are used and source URLs/checksums are preserved.
03 Vegetation,NASA LP DAAC MOD13Q1 V061,NDVI/EVI stress,91 Somalia districts,Yes,Yes,250m source; ~1km derived sampling,16-day,2015-01-01,2025-12-31,16-day,COG source; CSV derived,STAC/signed COG,Mirror no; direct yes,NASA policy,Derived QA-masked archive,Automated historical,PASS,READY,Production QA-masked district history is complete for 2015-2025; source assets are native 250m and aligned COG overviews are sampled at approximately 1km.
04 Soil Moisture / Antecedent Wetness,NASA POWER MERRA-2/GEOS primary; NASA NSIDC SMAP V006 secondary,Historical wetness state,91 districts from 72 unique POWER cells; local SMAP Somalia subsets,Yes via district mapping,Yes via district mapping,0.5x0.625 degree POWER; 9km SMAP,Daily,2000-01-01 POWER; 2026-07-01 SMAP,2025-12-31 POWER; 2026-07-31 SMAP,Daily,JSON/gzip CSV; HDF5,Public POWER API; authenticated Earthdata for SMAP,No POWER; yes SMAP,NASA policy,Yes POWER; partial SMAP,Automated POWER; manual SMAP,PASS,READY_WITH_LIMITS,GWETTOP/GWETROOT are modeled relative wetness and remain explicitly distinct from SMAP volumetric soil moisture.
05 River Levels,FAO SWALIM/SNRFA,Flood gauge state,Five stations,Selected,Selected,Gauge,Observation,1951-01-01,2026-08-25,Operational,CSV/JSON,Manual export plus public metadata,Unknown,FAO terms,Yes,Manual,PASS,READY,Five gauges with current official thresholds and coordinates; effective dates unavailable; JB009 spatial exception documented.
06 Temperature/LST,NASA POWER MERRA-2/GEOS primary + NASA LP DAAC MOD11A1 secondary,Historical 2m air temperature and optional LST,91 districts from 72 unique POWER cells; one MOD11 tile,Yes via district mapping,Yes via district mapping,0.5x0.625 degree POWER; 1km LST,Daily,2000-01-01 POWER; 2020 LST sample,2025-12-31 POWER; 2020 LST sample,Daily,JSON/gzip CSV; COG,Public API/STAC,No via used routes,NASA policy,Yes historical POWER; sample LST,Automated,PASS,READY,POWER is the selected production source; LST remains separate and optional.
07 Food Security,IPC via HDX,Historical outcomes,Yes,Yes,No direct district assertion,Analysis area/admin1,Assessment,2017-01-01,2026-06-30,Per analysis,CSV/GeoJSON,HTTPS,No,IPC/HDX terms,Yes,Automated,REVIEW,READY_WITH_LIMITS,"Area rows remain native IPC analysis/livelihood areas. Use the versioned polygon-overlap mapping for the represented snapshot; urban/IDP reference points are not district labels, and historical geometry stability is not assumed."
08 Market Prices,WFP via HDX,Market stress,Yes,Source admin1,Source admin2,Market point,Monthly/observation,1995-01-15,2026-06-15,Provider-dependent,CSV,HTTPS,No,WFP/HDX terms,Yes,Automated,REVIEW,READY_WITH_REVIEW,"Duplicate business keys and unresolved geographic names are reported, not hidden."
09 Population,WorldPop R2025A v1,Exposure,Yes,Derived,Derived,~100m,2025 reference year,2025,2025,Release-dependent,GeoTIFF,HTTPS,No,CC BY 4.0,Yes,Automated,PASS,READY_WITH_LIMITS,"WorldPop R2025A v1 is an alpha modeled estimate, not a census; boundary-version mismatch can affect border cells."
