path,extension,size_bytes,modified_utc,sha256,zero_byte,suspected_partial_download,date_from_filename,readable,error
3863313648-download.sh,.sh,6168,2026-08-25T08:23:19.783535+00:00,a83e9e51bbb488aa36d8da64e260464ed8eb4e81495b03f3cbec92410699c24b,False,False,,,
chirps-v3.0.1981.01.1.tif,.tif,4164572,2026-08-25T07:09:33.364042+00:00,0c8938d39f31592b67dcb5530bc8bb17c9e4f73cd590bf82e882a0abc1c13519,False,False,,True,
CHIRPS_Rainfall/chirps-v3.0.rnl.2026.06.24.tif,.tif,17046720,2026-08-25T11:22:58.671568+00:00,7e802861fcd1d9d34b1c9baa33d1cec91727d44385b5ddbdfe18b140debbdb53,False,False,2026-06-24,True,
CHIRPS_Rainfall/chirps-v3.0.rnl.2026.06.25.tif,.tif,17344108,2026-08-25T11:23:20.594707+00:00,e54bad9a8a31442ba41551498281f8e7a050f218db2d3a8d62aa1e45d610bae1,False,False,2026-06-25,True,
CHIRPS_Rainfall/chirps-v3.0.rnl.2026.06.26.tif,.tif,18081372,2026-08-25T11:23:51.218921+00:00,7460f49a5b6e5b1ff67f8bb647e674debffeeef0fbf1be25ce8844e3c9cf47e4,False,False,2026-06-26,True,
CHIRPS_Rainfall/chirps-v3.0.rnl.2026.06.27.tif,.tif,18241958,2026-08-25T11:25:07.422616+00:00,b2310dbdde5434dac68c1e8b2fc390c45870f26ef305619bac717145a1d4c43b,False,False,2026-06-27,True,
CHIRPS_Rainfall/chirps-v3.0.rnl.2026.06.28.tif,.tif,18405630,2026-08-25T11:25:34.851942+00:00,b327f8975d9f3c2c3a5672bdc67648f6a37c609fb3165901b1053b376f970dee,False,False,2026-06-28,True,
CHIRPS_Rainfall/chirps-v3.0.rnl.2026.06.29.tif,.tif,18350592,2026-08-25T11:26:02.878033+00:00,b2525c3e9da0ba79bb8c3dde70ad3bcc370e05a4d9d33b134b12ae8cec762f22,False,False,2026-06-29,True,
CHIRPS_Rainfall/chirps-v3.0.rnl.2026.06.30.tif,.tif,18194172,2026-08-25T11:26:36.257542+00:00,1b3f9be7038d1da517633d44cb2bf6c9ea6ce96dac8bb77bd9f3da81ad27559b,False,False,2026-06-30,True,
CHIRPS_Rainfall/chirps-v3.0.rnl.2026.07.01.tif,.tif,18542608,2026-08-25T11:27:06.743763+00:00,20572f2bf4553c53cac95682cfb67aba2e2fee58a34cf0bf7f3efdb4dad1891a,False,False,2026-07-01,True,
CHIRPS_Rainfall/chirps-v3.0.rnl.2026.07.02.tif,.tif,18312004,2026-08-25T11:27:40.262479+00:00,94729daa0c5d1b82602abcc59e1372eba9d7f068917fac59c5392951b3730abd,False,False,2026-07-02,True,
CHIRPS_Rainfall/chirps-v3.0.rnl.2026.07.03.tif,.tif,18339602,2026-08-25T11:28:13.820120+00:00,7d42cda49237fe216637643a30f12465de6e18579f8a4badec0670729bafe3ed,False,False,2026-07-03,True,
CHIRPS_Rainfall/chirps-v3.0.rnl.2026.07.04.tif,.tif,17759468,2026-08-25T11:28:42.367700+00:00,3d0561c7c59be73512dfbcde810a72dedf1b5998c4d2489e19cc6038a3227cea,False,False,2026-07-04,True,
CHIRPS_Rainfall/chirps-v3.0.rnl.2026.07.05.tif,.tif,17517906,2026-08-25T11:29:10.102510+00:00,56f46ad84a593c355f6e987b901941213aaa84db8144e25cdb0cdb3727b7256d,False,False,2026-07-05,True,
CHIRPS_Rainfall/chirps-v3.0.rnl.2026.07.06.tif,.tif,18061074,2026-08-25T11:29:36.421973+00:00,43ff3c27019b136dfbaa198aa8ac391166de8d340f662983a825b0a7e5b54677,False,False,2026-07-06,True,
CHIRPS_Rainfall/chirps-v3.0.rnl.2026.07.07.tif,.tif,18354992,2026-08-25T11:30:01.327466+00:00,1f81cf7a17e2adac2dc2bd5e143ba3b772fe13faf5731375958d0b4ef326cf01,False,False,2026-07-07,True,
CHIRPS_Rainfall/chirps-v3.0.rnl.2026.07.08.tif,.tif,18421550,2026-08-25T11:30:28.676553+00:00,8a36d82218638ef69a86fc442f675a9e4b5130389ff01b410182f2ff5cc2f1a5,False,False,2026-07-08,True,
CHIRPS_Rainfall/chirps-v3.0.rnl.2026.07.09.tif,.tif,18859272,2026-08-25T11:30:56.092308+00:00,ae511b884ee2b8ac96fd979e2034a3dc3d04973d3ed9ea37e9e1c69b02509016,False,False,2026-07-09,True,
CHIRPS_Rainfall/chirps-v3.0.rnl.2026.07.10.tif,.tif,18877572,2026-08-25T11:31:24.618451+00:00,d581f1926726e6e8fe9f9206c48a88745d2545c97a173b2e90d434e57639eacd,False,False,2026-07-10,True,
CHIRPS_Rainfall/chirps-v3.0.rnl.2026.07.11.tif,.tif,18821102,2026-08-25T11:31:52.353960+00:00,8c6eb7c0805db204656af4a2735fdb80ebf868b57ef134089d3fef75bb7b045e,False,False,2026-07-11,True,
CHIRPS_Rainfall/chirps-v3.0.rnl.2026.07.12.tif,.tif,18319536,2026-08-25T11:32:42.267012+00:00,5146ee8b7443b3d3c72b8c2536c6bfa44a0dcd9e67b2f3b2ba1c53b39b132dac,False,False,2026-07-12,True,
CHIRPS_Rainfall/chirps-v3.0.rnl.2026.07.13.tif,.tif,18176652,2026-08-25T11:33:09.068702+00:00,b9407436d08bd2df587d478b5d5dcc225c6d305a46db58dc93ce1bd27234ef05,False,False,2026-07-13,True,
CHIRPS_Rainfall/chirps-v3.0.rnl.2026.07.14.tif,.tif,18013816,2026-08-25T11:33:34.893672+00:00,88dc2bc5b38b8c4c6804e4c546feec35484a3ffb7346cc07cf5d8d7aeb271003,False,False,2026-07-14,True,
CHIRPS_Rainfall/chirps-v3.0.rnl.2026.07.15.tif,.tif,17943778,2026-08-25T11:34:03.885182+00:00,efc8fd267dea0990fcbf053bf4e5a197f1efb73a73220137d8593ac2bf8f8bc7,False,False,2026-07-15,True,
CHIRPS_Rainfall/chirps-v3.0.rnl.2026.07.16.tif,.tif,18433620,2026-08-25T11:34:49.555043+00:00,6a6265d9df0755341aea78244022e4ff9c1d118f5444e57f28a82566a86b63ca,False,False,2026-07-16,True,
CHIRPS_Rainfall/chirps-v3.0.rnl.2026.07.17.tif,.tif,18317108,2026-08-25T11:35:16.859178+00:00,8afd1cdad775aeb6c5ba2a28dac876258dace8a54929ad0995c992e5d748a8de,False,False,2026-07-17,True,
CHIRPS_Rainfall/chirps-v3.0.rnl.2026.07.18.tif,.tif,18542946,2026-08-25T11:35:44.937604+00:00,ad387f4eeb4bc32b0d9768ce9eb2fc74a240ab654b129d398f60e3bf33087e09,False,False,2026-07-18,True,
CHIRPS_Rainfall/chirps-v3.0.rnl.2026.07.19.tif,.tif,18512370,2026-08-25T11:36:23.023843+00:00,0e40c04590aad903972fad6b2e3835233f678507ec515d4eea1e96a4e3e4076e,False,False,2026-07-19,True,
CHIRPS_Rainfall/chirps-v3.0.rnl.2026.07.20.tif,.tif,18466490,2026-08-25T11:36:53.634816+00:00,e300967b7cd246251ea45b892867cb55f492d364f5a9927e059e1b406654db71,False,False,2026-07-20,True,
CHIRPS_Rainfall/chirps-v3.0.rnl.2026.07.21.tif,.tif,19245822,2026-08-25T11:37:22.409172+00:00,a31b5d695486f0182ce24b309b8dbdc2a82d49ca1eccff662728b74f31ae4e9e,False,False,2026-07-21,True,
CHIRPS_Rainfall/chirps-v3.0.rnl.2026.07.22.tif,.tif,19620596,2026-08-25T11:37:51.865342+00:00,96205a7743577ea896de10de4b731a23ca21dfcd3682cd761b8ea0d1cda38cb5,False,False,2026-07-22,True,
CHIRPS_Rainfall/chirps-v3.0.rnl.2026.07.23.tif,.tif,19182588,2026-08-25T11:38:18.941597+00:00,545b398e87e9d4ec0af6f88cd25da7333d0495b9fea37b67652e98419f5b0e9f,False,False,2026-07-23,True,
CHIRPS_Rainfall/chirps-v3.0.rnl.2026.07.24.tif,.tif,19250484,2026-08-25T11:38:49.042227+00:00,944d8c0928fe3c11aed46be873f0fc86cf0dbb55a590ad55fd6d8ebb7e8d9f90,False,False,2026-07-24,True,
CHIRPS_Rainfall/chirps-v3.0.rnl.2026.07.25.tif,.tif,18956548,2026-08-25T11:39:49.749369+00:00,ef5d944c3ede1ffdee63158f5c2b889788d442b8883f2cca16695c655f5afcf7,False,False,2026-07-25,True,
CHIRPS_Rainfall/chirps-v3.0.rnl.2026.07.26.tif,.tif,19581290,2026-08-25T11:40:22.466878+00:00,0f9f42e9d715f64f4fdda73b53c1b2bffda07409d1a968327b848c1cc6fd2f51,False,False,2026-07-26,True,
CHIRPS_Rainfall/chirps-v3.0.rnl.2026.07.27.tif,.tif,19415170,2026-08-25T11:40:55.246377+00:00,d2f674b7a4468a5a8f5bd6cade69355ffee9d3fe38efad0bc8eca6d51ee0c3c4,False,False,2026-07-27,True,
CHIRPS_Rainfall/chirps-v3.0.rnl.2026.07.28.tif,.tif,19456256,2026-08-25T11:41:24.947229+00:00,5099ae144a8345caf14f4a289a3a90bf177c78bf85b7cdb3efc8e422e7f4077b,False,False,2026-07-28,True,
CHIRPS_Rainfall/chirps-v3.0.rnl.2026.07.29.tif,.tif,19470772,2026-08-25T11:41:53.734070+00:00,2b4c519a7b24b3be9ee96d30255c0a75a2507571cc66ea582eb8935b43998ac9,False,False,2026-07-29,True,
CHIRPS_Rainfall/chirps-v3.0.rnl.2026.07.30.tif,.tif,19067798,2026-08-25T11:43:52.617865+00:00,787ee5a9f093e96c213cd6e43b5744aac053484fb7b65931f8bd6f766915d510,False,False,2026-07-30,True,
CHIRPS_Rainfall/chirps-v3.0.rnl.2026.07.31.tif,.tif,19008864,2026-08-25T11:45:06.685660+00:00,7d430ff1a17c2aa08a7b336946a64f02afbfb83652bb8cd5688dac2ce3bfe4ed,False,False,2026-07-31,True,
Earthdata-Download-x64.exe,.exe,139397200,2026-08-25T09:14:11.174197+00:00,253e3c7ede9d27a9a0017d8358783c040720e8f43f882c42f8f8ed895679f1e7,False,False,,,
raw/climate/nasa_power_merra2/nasa_power_daily_latm00.500_lonp041.875_20000101_20251231.json,.json,784419,2026-08-25T12:43:55.034538+00:00,a1bb9658d903d71b339adf4c6c0eb0778e1243db0ee4b5e3714645ae062c3e49,False,False,2000-01-01,True,
raw/climate/nasa_power_merra2/nasa_power_daily_latm01.000_lonp041.250_20000101_20251231.json,.json,784602,2026-08-25T12:43:55.037539+00:00,a6fdad68eac0d8e4077e99a6582dd62ecc8612d799df2d65cbc49f09097d11bc,False,False,2000-01-01,True,
raw/climate/nasa_power_merra2/nasa_power_daily_latp00.000_lonp042.500_20000101_20251231.json,.json,784196,2026-08-25T12:43:54.863233+00:00,675fca482a3965a9667e295a6d2f8d50910b22a1fae1035be6f5405b2dc34c59,False,False,2000-01-01,True,
raw/climate/nasa_power_merra2/nasa_power_daily_latp00.500_lonp041.875_20000101_20251231.json,.json,784490,2026-08-25T12:43:54.885411+00:00,e2e88c8dfc2d9d8e99ba38a6fde3c2f534c788e664d4aa4a0f19def7b67f3de8,False,False,2000-01-01,True,
raw/climate/nasa_power_merra2/nasa_power_daily_latp00.500_lonp043.125_20000101_20251231.json,.json,784367,2026-08-25T12:43:57.347008+00:00,76355f08ed0cc1f5dc1d491357875a1028a154a8f561df401e644fa93b574e35,False,False,2000-01-01,True,
raw/climate/nasa_power_merra2/nasa_power_daily_latp01.000_lonp043.125_20000101_20251231.json,.json,784907,2026-08-25T12:43:57.124943+00:00,30907991dd8581c5d9f99b84ff6476ee0d59bf0c408bf40fafc9cbf63b64b481,False,False,2000-01-01,True,
raw/climate/nasa_power_merra2/nasa_power_daily_latp01.000_lonp043.750_20000101_20251231.json,.json,783765,2026-08-25T12:43:57.537759+00:00,6d6f773eeb3036e53923d6525f78bb31e24901c374da4ab3a0470bbf8f13d971,False,False,2000-01-01,True,
raw/climate/nasa_power_merra2/nasa_power_daily_latp01.500_lonp041.875_20000101_20251231.json,.json,784185,2026-08-25T12:43:57.918817+00:00,45da4a68790aced56ec861c1562226b6130a3dbe9965a0be59c295fa73b71f1f,False,False,2000-01-01,True,
raw/climate/nasa_power_merra2/nasa_power_daily_latp01.500_lonp043.750_20000101_20251231.json,.json,784892,2026-08-25T12:43:59.354434+00:00,7414247dc114dfbfcd67fc8a7d97c7b066feb51f53bcfff19c1ede505ce68253,False,False,2000-01-01,True,
raw/climate/nasa_power_merra2/nasa_power_daily_latp01.500_lonp044.375_20000101_20251231.json,.json,785006,2026-08-25T12:43:59.077288+00:00,7c81a46ab238bceba871c7c0ea1adb66d8ecedd8c14d9198bf9a6cbdeb078b8f,False,False,2000-01-01,True,
raw/climate/nasa_power_merra2/nasa_power_daily_latp02.000_lonp041.875_20000101_20251231.json,.json,784906,2026-08-25T12:43:59.770321+00:00,55e959ef745141f9990ff0b614fc611e8b55bca3dc78daffd24c5c9422960961,False,False,2000-01-01,True,
raw/climate/nasa_power_merra2/nasa_power_daily_latp02.000_lonp042.500_20000101_20251231.json,.json,784731,2026-08-25T12:43:59.506132+00:00,54f0d47dcd3115db8e63f5115bcfaf26ce8dad0d3296ad147daaf60b551d1637,False,False,2000-01-01,True,
raw/climate/nasa_power_merra2/nasa_power_daily_latp02.000_lonp044.375_20000101_20251231.json,.json,782761,2026-08-25T12:44:01.607934+00:00,3f599070dd6d00dc39f256fc6e8e4bc31f4c186b639080da8a5f2019848ebf25,False,False,2000-01-01,True,
raw/climate/nasa_power_merra2/nasa_power_daily_latp02.000_lonp045.000_20000101_20251231.json,.json,784542,2026-08-25T12:44:01.336818+00:00,2bfb4c68c5043a031bdb9b93265fa6806282bd817765c44ac0ce13892ad2c808,False,False,2000-01-01,True,
raw/climate/nasa_power_merra2/nasa_power_daily_latp02.000_lonp045.625_20000101_20251231.json,.json,784375,2026-08-25T12:44:01.816249+00:00,47da67c0f27824fed285af5f0c5e0dc8cfb548eba0326f8e20ed91a575ca3f22,False,False,2000-01-01,True,
raw/climate/nasa_power_merra2/nasa_power_daily_latp02.500_lonp043.750_20000101_20251231.json,.json,781872,2026-08-25T12:44:02.307039+00:00,03f11d0105ef43c8f841f74985cd408597fd2968c154a043f0401dc2abaea5a3,False,False,2000-01-01,True,
raw/climate/nasa_power_merra2/nasa_power_daily_latp02.500_lonp045.000_20000101_20251231.json,.json,782957,2026-08-25T12:44:03.123976+00:00,4f5121dd97bb9b9964b35401e53aa2d61dd5b3d9a2de685f3b27507ee1aa1ef9,False,False,2000-01-01,True,
raw/climate/nasa_power_merra2/nasa_power_daily_latp02.500_lonp045.625_20000101_20251231.json,.json,784658,2026-08-25T12:44:03.367283+00:00,71424a99897406d32ec46339fb4acc3b2a63a7ebb7d230787c2ff585e9157945,False,False,2000-01-01,True,
raw/climate/nasa_power_merra2/nasa_power_daily_latp03.000_lonp041.250_20000101_20251231.json,.json,783262,2026-08-25T12:44:04.048891+00:00,fced9a684a798d0737bd37fa9f529955e226778039749546bce973b753a3bce2,False,False,2000-01-01,True,
raw/climate/nasa_power_merra2/nasa_power_daily_latp03.000_lonp042.500_20000101_20251231.json,.json,784523,2026-08-25T12:44:03.858948+00:00,2be99ba6d0015526e00cdf27ed36258ee6aebaf58b6a7f6b59beb62c77fead15,False,False,2000-01-01,True,
raw/climate/nasa_power_merra2/nasa_power_daily_latp03.000_lonp043.125_20000101_20251231.json,.json,783949,2026-08-25T12:44:05.283367+00:00,4da9e84080c3d1ffb6bd50ac60f2afc7b841077d163868a0b029f705e81b2e6f,False,False,2000-01-01,True,
raw/climate/nasa_power_merra2/nasa_power_daily_latp03.000_lonp043.750_20000101_20251231.json,.json,784432,2026-08-25T12:44:04.924874+00:00,e5f2742b9f841d1a010caf0efc13813472398015c7fdfa30a86dc469e8ae1ca1,False,False,2000-01-01,True,
raw/climate/nasa_power_merra2/nasa_power_daily_latp03.000_lonp045.000_20000101_20251231.json,.json,783314,2026-08-25T12:44:05.577136+00:00,6421674046f97f2c944057c7da732c7ef52e7cfad9f9f5fd6aa1b126b0e7dbef,False,False,2000-01-01,True,
raw/climate/nasa_power_merra2/nasa_power_daily_latp03.000_lonp045.625_20000101_20251231.json,.json,784365,2026-08-25T12:44:06.668635+00:00,0d45937d4d08321c762c218bd7c34405d39f439544b8cc73153f247da8492640,False,False,2000-01-01,True,
raw/climate/nasa_power_merra2/nasa_power_daily_latp03.000_lonp046.250_20000101_20251231.json,.json,784973,2026-08-25T12:44:07.145729+00:00,05c0277a342895e28da95045ddf2a729e1ea06ad8a421c47f24911875961d1ae,False,False,2000-01-01,True,
raw/climate/nasa_power_merra2/nasa_power_daily_latp03.500_lonp041.875_20000101_20251231.json,.json,784695,2026-08-25T12:44:07.336746+00:00,5e12a954200e2a246ab0f5cd6765b62a44b5dd1146e8fd4f85067d1f9b09e9e4,False,False,2000-01-01,True,
raw/climate/nasa_power_merra2/nasa_power_daily_latp03.500_lonp045.625_20000101_20251231.json,.json,784914,2026-08-25T12:44:07.338747+00:00,ad914415302dee307fef23610d2ac637fae97313185ff58b6789567aa39895d5,False,False,2000-01-01,True,
raw/climate/nasa_power_merra2/nasa_power_daily_latp03.500_lonp046.250_20000101_20251231.json,.json,784075,2026-08-25T12:44:09.173325+00:00,288174eb9dc61d2a4bc727ae78554e30dc1eea33aa27f24fc73d14e1d4750621,False,False,2000-01-01,True,
raw/climate/nasa_power_merra2/nasa_power_daily_latp04.000_lonp041.875_20000101_20251231.json,.json,784324,2026-08-25T12:44:09.786280+00:00,8cad2ed6a1f551a95ca176f4a103a9769baffcd2d9997750aed907451e15018b,False,False,2000-01-01,True,
raw/climate/nasa_power_merra2/nasa_power_daily_latp04.000_lonp042.500_20000101_20251231.json,.json,784716,2026-08-25T12:44:09.749638+00:00,54b76f15dbf5fb2a822d6d17fb17d7832963aff9b58b59fcc8697e69823a0d36,False,False,2000-01-01,True,
raw/climate/nasa_power_merra2/nasa_power_daily_latp04.000_lonp043.125_20000101_20251231.json,.json,784139,2026-08-25T12:44:09.862609+00:00,e113a83bbdb7d3f08905cb3c700a08da37448ff5766b2056918d4d4358d761a0,False,False,2000-01-01,True,
raw/climate/nasa_power_merra2/nasa_power_daily_latp04.000_lonp043.750_20000101_20251231.json,.json,784729,2026-08-25T12:44:11.585739+00:00,9f749344cd7b952286de7283821dab8eb3d2d0321b623c90a8e1430d8f5adca6,False,False,2000-01-01,True,
raw/climate/nasa_power_merra2/nasa_power_daily_latp04.000_lonp044.375_20000101_20251231.json,.json,784788,2026-08-25T12:44:12.045183+00:00,b7afed2e6cbc88fc24e454052b4d45242d807ccc2e866df478bc5a7195ab4c15,False,False,2000-01-01,True,
raw/climate/nasa_power_merra2/nasa_power_daily_latp04.000_lonp045.625_20000101_20251231.json,.json,784620,2026-08-25T12:44:12.407854+00:00,a51414938bd880d761701ced7361724e6b8314bba54fbce080e10279a98a53d0,False,False,2000-01-01,True,
raw/climate/nasa_power_merra2/nasa_power_daily_latp04.000_lonp046.875_20000101_20251231.json,.json,784311,2026-08-25T12:44:12.676026+00:00,5d77a55a89c53aa542ece44fe45f2740a3bd91185a71ad9ae9833dccacce9a2a,False,False,2000-01-01,True,
raw/climate/nasa_power_merra2/nasa_power_daily_latp04.500_lonp043.750_20000101_20251231.json,.json,785054,2026-08-25T12:44:14.044400+00:00,40703884343082fac2df65a60e5c2d1dcb5359dc1201141f505d6727543a7856,False,False,2000-01-01,True,
raw/climate/nasa_power_merra2/nasa_power_daily_latp04.500_lonp046.875_20000101_20251231.json,.json,782896,2026-08-25T12:44:13.571959+00:00,875fa0ecc4473426e170be21f4024f0fd2676b16373fe42fb21c2c4680331187,False,False,2000-01-01,True,
raw/climate/nasa_power_merra2/nasa_power_daily_latp05.000_lonp045.625_20000101_20251231.json,.json,784763,2026-08-25T12:44:14.619183+00:00,762cfdb2ec1697470d8b2c9a525007595744f08b6671adef922b6f32203cd0b1,False,False,2000-01-01,True,
raw/climate/nasa_power_merra2/nasa_power_daily_latp05.000_lonp048.125_20000101_20251231.json,.json,783074,2026-08-25T12:44:14.841242+00:00,70544582c115488552df3435afa4b8dabc0437c4529e8660c0fbfe7256b57255,False,False,2000-01-01,True,
raw/climate/nasa_power_merra2/nasa_power_daily_latp05.500_lonp046.875_20000101_20251231.json,.json,785257,2026-08-25T12:44:15.132984+00:00,6c4f9f8a74a52555420fc1c3a4caa622ab7a286b3c003abef86723d2728d7eda,False,False,2000-01-01,True,
raw/climate/nasa_power_merra2/nasa_power_daily_latp06.000_lonp046.250_20000101_20251231.json,.json,784921,2026-08-25T12:44:15.914336+00:00,b91959bcaf34ba8bf05e85d68ba5cfb99b2b8a65bf46f4c68177bc627716bd16,False,False,2000-01-01,True,
raw/climate/nasa_power_merra2/nasa_power_daily_latp06.000_lonp046.875_20000101_20251231.json,.json,784976,2026-08-25T12:44:16.843474+00:00,cf339fbcdbc819eb4ae4c19b43a5726e1f100612d6e80cc923c43f0e1dbca9f0,False,False,2000-01-01,True,
raw/climate/nasa_power_merra2/nasa_power_daily_latp06.000_lonp048.125_20000101_20251231.json,.json,785254,2026-08-25T12:44:16.518839+00:00,c89938bd5d6ad95f0c795012b50509bbbce80e4f1e3523ba76d2723f4fd1f033,False,False,2000-01-01,True,
raw/climate/nasa_power_merra2/nasa_power_daily_latp07.000_lonp047.500_20000101_20251231.json,.json,785149,2026-08-25T12:44:16.652087+00:00,52dee151fa0afcff070002a94962cecffa02fc63e91c40a463bb2111d24f9e71,False,False,2000-01-01,True,
raw/climate/nasa_power_merra2/nasa_power_daily_latp07.000_lonp048.125_20000101_20251231.json,.json,784797,2026-08-25T12:44:18.691242+00:00,f0a726b6f26bad75e27d0740e5fff9fc9ad56904874daea02cfaa7c7dd3f060a,False,False,2000-01-01,True,
raw/climate/nasa_power_merra2/nasa_power_daily_latp07.000_lonp048.750_20000101_20251231.json,.json,784926,2026-08-25T12:44:18.681433+00:00,f8e7cf9b427636265c99e4a1bc86be586fdd173c9cf4a3406e5457338f388e23,False,False,2000-01-01,True,
raw/climate/nasa_power_merra2/nasa_power_daily_latp08.000_lonp048.750_20000101_20251231.json,.json,784855,2026-08-25T12:44:18.975034+00:00,391644d6e21cb76a9102a907dd8562f0c7cc351214b838439404cb9973ab1138,False,False,2000-01-01,True,
raw/climate/nasa_power_merra2/nasa_power_daily_latp08.000_lonp049.375_20000101_20251231.json,.json,783028,2026-08-25T12:44:19.022119+00:00,031efac30eb9426f482cfb95a53a89f5f0c41e9a770bf441af4c21153c8f35e0,False,False,2000-01-01,True,
raw/climate/nasa_power_merra2/nasa_power_daily_latp08.500_lonp046.875_20000101_20251231.json,.json,785124,2026-08-25T12:44:21.185951+00:00,95f538e8bfc451766e01fed3aa1ec30fea2722f50e27c020c0bcbe8f066d1a42,False,False,2000-01-01,True,
raw/climate/nasa_power_merra2/nasa_power_daily_latp08.500_lonp047.500_20000101_20251231.json,.json,785075,2026-08-25T12:44:20.487548+00:00,70f74c6dec03e3a67366c10afa50a1b9ad3d249656ac713ebcf789f15af08def,False,False,2000-01-01,True,
raw/climate/nasa_power_merra2/nasa_power_daily_latp08.500_lonp048.750_20000101_20251231.json,.json,785130,2026-08-25T12:44:21.038857+00:00,d34fe8c20d233fb561c6b79f8c29c67ab4d0a00cad996688a1b3825f355a2dd6,False,False,2000-01-01,True,
raw/climate/nasa_power_merra2/nasa_power_daily_latp09.000_lonp045.625_20000101_20251231.json,.json,784571,2026-08-25T12:44:21.029334+00:00,d82af2e824a5599be955fffc8df6e2ff25014df6b29f5a45c7545b54323001a0,False,False,2000-01-01,True,
raw/climate/nasa_power_merra2/nasa_power_daily_latp09.000_lonp047.500_20000101_20251231.json,.json,785157,2026-08-25T12:44:22.697433+00:00,955d2b6075e8e35da2291e270cd34b8dddbd96621e2028b528b7e265bf57a583,False,False,2000-01-01,True,
raw/climate/nasa_power_merra2/nasa_power_daily_latp09.000_lonp048.750_20000101_20251231.json,.json,785315,2026-08-25T12:44:22.775874+00:00,56a7bec5222e5e726a2be45e0cef56a7833aedc9fd3718448236aff2cb0aae54,False,False,2000-01-01,True,
raw/climate/nasa_power_merra2/nasa_power_daily_latp09.000_lonp050.000_20000101_20251231.json,.json,785511,2026-08-25T12:44:23.337772+00:00,2742a228a843d59e27306337e78b1ff6eebf401c5f1acea956a18c7872848155,False,False,2000-01-01,True,
raw/climate/nasa_power_merra2/nasa_power_daily_latp09.500_lonp044.375_20000101_20251231.json,.json,784692,2026-08-25T12:44:23.765064+00:00,1ed5fabd91fd2ece9120d0c40a69ad87408f957bc59be3641e801a2b89889bc4,False,False,2000-01-01,True,
raw/climate/nasa_power_merra2/nasa_power_daily_latp09.500_lonp045.000_20000101_20251231.json,.json,784090,2026-08-25T12:44:24.992716+00:00,bcaa6c65208312da31377137032e3c07a169a782f29a6d0c112ab73a65cf092a,False,False,2000-01-01,True,
raw/climate/nasa_power_merra2/nasa_power_daily_latp09.500_lonp046.250_20000101_20251231.json,.json,785070,2026-08-25T12:44:25.102497+00:00,61549e5354914c3847c0577d3d81df39edd6f80b01628e7fa1d1e72b72c06327,False,False,2000-01-01,True,
raw/climate/nasa_power_merra2/nasa_power_daily_latp09.500_lonp049.375_20000101_20251231.json,.json,785276,2026-08-25T12:44:25.479744+00:00,18a62eea0c2ec5607c5f17b7c27abf886772fbdf23e0e7a3fab0d78087a304fc,False,False,2000-01-01,True,
raw/climate/nasa_power_merra2/nasa_power_daily_latp10.000_lonp043.125_20000101_20251231.json,.json,783552,2026-08-25T12:44:26.218412+00:00,4faccc7163d95d8e3114e7a119958eff70842e4d1dfeda2c1fc8be2a367c34ac,False,False,2000-01-01,True,
raw/climate/nasa_power_merra2/nasa_power_daily_latp10.000_lonp043.750_20000101_20251231.json,.json,784821,2026-08-25T12:44:27.187977+00:00,231560bfd7cb95341cba0fd93df2611bbc24ffa8d58072b6659818d5c6fbac2e,False,False,2000-01-01,True,
raw/climate/nasa_power_merra2/nasa_power_daily_latp10.000_lonp045.625_20000101_20251231.json,.json,785085,2026-08-25T12:44:27.005803+00:00,ad92d1258152e15bbba83b5c4a146c2ed2728cd232f06d4261fb82e8e43e55bf,False,False,2000-01-01,True,
raw/climate/nasa_power_merra2/nasa_power_daily_latp10.000_lonp046.875_20000101_20251231.json,.json,784986,2026-08-25T12:44:27.642605+00:00,ebf5f53f354f049ab91ba289ca233e35b75f3ee2d0ce514761e0bfae40c08b0f,False,False,2000-01-01,True,
raw/climate/nasa_power_merra2/nasa_power_daily_latp10.500_lonp043.750_20000101_20251231.json,.json,784922,2026-08-25T12:44:28.426765+00:00,76ce60777e0010a3daf3e29e230180d0c208f5f66493e39457d1e90e03f3bad8,False,False,2000-01-01,True,
raw/climate/nasa_power_merra2/nasa_power_daily_latp10.500_lonp045.625_20000101_20251231.json,.json,785189,2026-08-25T12:44:29.362083+00:00,5f71e1b6e9ef60b1d769ad5a10ace2567dffdc0134b13bbe9e39a02594a3be23,False,False,2000-01-01,True,
raw/climate/nasa_power_merra2/nasa_power_daily_latp10.500_lonp048.125_20000101_20251231.json,.json,784807,2026-08-25T12:44:28.698762+00:00,5f559033677ec5f255d0687e559bd0837c716a4841eb7f5f0a581c62f3eef150,False,False,2000-01-01,True,
raw/climate/nasa_power_merra2/nasa_power_daily_latp10.500_lonp048.750_20000101_20251231.json,.json,785297,2026-08-25T12:44:30.870507+00:00,c3631d3682aaff1d14f79710a9b963889582bd8f7a9d770b0930f0969b71d511,False,False,2000-01-01,True,
raw/climate/nasa_power_merra2/nasa_power_daily_latp10.500_lonp050.625_20000101_20251231.json,.json,785403,2026-08-25T12:44:30.760463+00:00,d7fe41ce70cc5c02a9b2cc12d865dc2d2a0d7bd8acb227432da73229da963fd8,False,False,2000-01-01,True,
raw/climate/nasa_power_merra2/nasa_power_daily_latp11.000_lonp043.125_20000101_20251231.json,.json,785027,2026-08-25T12:44:31.125044+00:00,ae9d2df779965ef6e64f19a1349315eb9dcd2f58dd458eb8e218d453f222cd8b,False,False,2000-01-01,True,
raw/climate/nasa_power_merra2/nasa_power_daily_latp11.000_lonp049.375_20000101_20251231.json,.json,784774,2026-08-25T12:44:31.381454+00:00,6aa7aede63b4a45979e27d1c83c996f0d555e97c994657accce6e8bcc6075265,False,False,2000-01-01,True,
raw/climate/nasa_power_merra2/nasa_power_daily_latp11.000_lonp050.000_20000101_20251231.json,.json,784898,2026-08-25T12:44:33.121986+00:00,c47850470a19b27499635fed36adfbf54182b7a442803f956a44b4cdf13444d6,False,False,2000-01-01,True,
raw/climate/nasa_power_merra2/nasa_power_daily_latp11.500_lonp050.625_20000101_20251231.json,.json,784566,2026-08-25T12:44:32.943371+00:00,1d195c8a2438dea51bb895a009183e00f53559d90489e8e1f6c19aa1ff5f0471,False,False,2000-01-01,True,
raw/food_security/ipc_som.geojson,.geojson,299942,2026-08-25T11:54:21.251653+00:00,e519c5c85aa31632ee58d330136979566e4b06ed40be41dbac6a2586ac3cf588,False,False,,True,
raw/food_security/ipc_som_area_long.csv,.csv,6342750,2026-08-25T11:54:37.537718+00:00,0866cb7ddc005ffe8ff7727b5606b45556065d224ff058737b73f2b8c0d0233f,False,False,,True,
raw/food_security/ipc_som_level1_long.csv,.csv,501416,2026-08-25T11:54:27.499100+00:00,d50c07c17cbf007b95de97206efe397beaabe64917e812187fdfc7ffa9e1f95c,False,False,,True,
raw/food_security/ipc_som_national_long.csv,.csv,27423,2026-08-25T11:54:23.911731+00:00,cc313750f82b812f0db0064b82a4185df49cdfef26e333b3edd6aa53059a78f6,False,False,,True,
raw/market_prices/wfp_food_prices_som.csv,.csv,5199326,2026-08-25T11:53:37.649527+00:00,817e20e14b557a8fd525fbd009a25a187a1031498e47e14d8bd8caa482ff977e,False,False,,True,
raw/market_prices/wfp_markets_som.csv,.csv,6880,2026-08-25T11:53:40.286105+00:00,011189e09e7d07402a831520f1e82a4ed0eb6fc1188f5f2ac0633f116e8755b8,False,False,,True,
raw/population/som_pop_2025_CN_100m_R2025A_v1.tif,.tif,16149837,2026-08-25T11:58:58.859656+00:00,24dae459da35936556678d1e992b3846af70902489f07e7a38f3bbb601676dd0,False,False,,True,
raw/temperature/modis_v061_sample/MOD11A1.A2020183.h21v07.061.2021012102445__LST_Day_1km.tif,.tif,2089138,2026-08-25T12:05:25.141225+00:00,f6ad818a5dbafe2f849e8abeaf9529f0b77a9711ae01e12e7336f2de5d70e8f8,False,False,,True,
raw/temperature/modis_v061_sample/MOD11A1.A2020183.h21v07.061.2021012102445__LST_Night_1km.tif,.tif,423300,2026-08-25T12:05:31.387017+00:00,a92a49b995f175e8de66342506250b617f78a802b4e3d367a721734168f9fbdb,False,False,,True,
raw/temperature/modis_v061_sample/MOD11A1.A2020183.h21v07.061.2021012102445__QC_Day.tif,.tif,194172,2026-08-25T12:05:28.515655+00:00,02f0e0266ac4f4cad17244d60951ed318d02d32ef37bb55a01d3fad3d01d9edb,False,False,,True,
raw/temperature/modis_v061_sample/MOD11A1.A2020183.h21v07.061.2021012102445__QC_Night.tif,.tif,79342,2026-08-25T12:05:33.736739+00:00,15f3fab38c6597058da20bdb16f001c61841e729df10a6a82d15c374b1f30df0,False,False,,True,
raw/temperature/nasa_power/nasa_power_daily_t2m_20250101_20251231_somalia_tile01.csv,.csv,3188615,2026-08-25T12:06:00.361773+00:00,e049d90fbb1bf8549292a7e6b9611efaeffba9007cdfc038c8a420aa4d6f946b,False,False,2025-01-01,True,
raw/temperature/nasa_power/nasa_power_daily_t2m_20250101_20251231_somalia_tile01_m2p000_41p000_5p250_46p500.csv,.csv,1302543,2026-08-25T12:07:25.008725+00:00,fc0ef208e5dc114eef7cd96f16a3d24edbc9439bc77b7e803e5666a363f43026,False,False,2025-01-01,True,
raw/temperature/nasa_power/nasa_power_daily_t2m_20250101_20251231_somalia_tile02_m2p000_46p500_5p250_52p000.csv,.csv,1308098,2026-08-25T12:07:28.839359+00:00,504bf68afee6e658faf5a22db2f7304e18cd68ce11810ea7ca22b94806a37463,False,False,2025-01-01,True,
raw/temperature/nasa_power/nasa_power_daily_t2m_20250101_20251231_somalia_tile03_5p250_41p000_12p500_46p500.csv,.csv,1243409,2026-08-25T12:07:33.080838+00:00,fb6547ba34549c32cc61988d5b7e28392ba9bbc6edd771414bbdb8bba1f0ef1c,False,False,2025-01-01,True,
raw/temperature/nasa_power/nasa_power_daily_t2m_20250101_20251231_somalia_tile04_5p250_46p500_12p500_52p000.csv,.csv,1248904,2026-08-25T12:07:37.424288+00:00,b72939841518283fa532d8b13378fd0de5415c0dc63a85ff55c8e3377fe4f01a,False,False,2025-01-01,True,
raw/temperature/nasa_power/nasa_power_daily_t2m_max_20250101_20251231_somalia_tile01_m2p000_41p000_5p250_46p500.csv,.csv,1302652,2026-08-25T12:07:41.939602+00:00,d60a3be5693b1cc20f289ca1a43de0a0767f773402f8272fb8bf3653ac1245ce,False,False,2025-01-01,True,
raw/temperature/nasa_power/nasa_power_daily_t2m_max_20250101_20251231_somalia_tile02_m2p000_46p500_5p250_52p000.csv,.csv,1308167,2026-08-25T12:07:46.173608+00:00,b03167de168107776d9852d44ac1dc00b95f7083de856ce514acac6931905202,False,False,2025-01-01,True,
raw/temperature/nasa_power/nasa_power_daily_t2m_max_20250101_20251231_somalia_tile03_5p250_41p000_12p500_46p500.csv,.csv,1243455,2026-08-25T12:07:50.488686+00:00,f44ccbb594a8a9f573a90907e7a90932d24b5dcbbf5f644ea5e361c3e4052ce8,False,False,2025-01-01,True,
raw/temperature/nasa_power/nasa_power_daily_t2m_max_20250101_20251231_somalia_tile04_5p250_46p500_12p500_52p000.csv,.csv,1248904,2026-08-25T12:07:53.839523+00:00,b096a226d34e8d095bfa15aff083c3c42382a1e2550987a7fc508219898c6a86,False,False,2025-01-01,True,
raw/temperature/nasa_power/nasa_power_daily_t2m_min_20250101_20251231_somalia_tile01_m2p000_41p000_5p250_46p500.csv,.csv,1302682,2026-08-25T12:07:57.652308+00:00,4ba48a8f2953ab765522c5c7e4666f0f6f796dda84aa6b0f9ab8363c031cf427,False,False,2025-01-01,True,
raw/temperature/nasa_power/nasa_power_daily_t2m_min_20250101_20251231_somalia_tile02_m2p000_46p500_5p250_52p000.csv,.csv,1308151,2026-08-25T12:08:02.061109+00:00,631006df351d757d626f3896155931634ed69f4e8f5e656cf6199655fdd5a9ee,False,False,2025-01-01,True,
raw/temperature/nasa_power/nasa_power_daily_t2m_min_20250101_20251231_somalia_tile03_5p250_41p000_12p500_46p500.csv,.csv,1243335,2026-08-25T12:08:07.338669+00:00,58167f2fffbc54745e43efee2f1a930eb28c65542571235a96d6ce9db5132c71,False,False,2025-01-01,True,
raw/temperature/nasa_power/nasa_power_daily_t2m_min_20250101_20251231_somalia_tile04_5p250_46p500_12p500_52p000.csv,.csv,1248915,2026-08-25T12:08:12.870792+00:00,e13fdc18bb201e46645f6fd83be3493d4a05d15b5bd430f0f4d513111091d787,False,False,2025-01-01,True,
raw/vegetation/modis_v061_sample/MOD13Q1.A2026193.h22v07.061.2026210035938__250m_16_days_EVI.tif,.tif,30673022,2026-08-25T12:03:10.047220+00:00,36bc95bd5d28ea0041698367d23670d3e6cc09fbfa1c3cfce19f03c2416bd813,False,False,,True,
raw/vegetation/modis_v061_sample/MOD13Q1.A2026193.h22v07.061.2026210035938__250m_16_days_NDVI.tif,.tif,31592670,2026-08-25T12:02:29.507218+00:00,f9973952739fcfed7f6f2a175032aab0372584e0f1528a0fddf9308c954c6aa7,False,False,,True,
raw/vegetation/modis_v061_sample/MOD13Q1.A2026193.h22v07.061.2026210035938__250m_16_days_pixel_reliability.tif,.tif,430787,2026-08-25T12:03:17.801428+00:00,b1f8a9d9e38fb7f5a669330d05b3eafce9ebf2ee6b515eb61605b050f05aeb94,False,False,,True,
raw/vegetation/modis_v061_sample/MOD13Q1.A2026193.h22v07.061.2026210035938__250m_16_days_VI_Quality.tif,.tif,1708087,2026-08-25T12:03:14.983368+00:00,baca0b19825e80b8813a12705dbfa4774c42749a15d9ce83deed666b86c37185,False,False,,True,
README.md,.md,5363,2026-08-25T13:48:44.229885+00:00,c024616b9f181ff7f7ddb404e1c3b6917961b773adb8f85ad53d010f5a47444d,False,False,,,
requirements-phase01.txt,.txt,126,2026-08-25T13:43:25.667393+00:00,fcbde3682bc2bd72009d53bcd84cb0c51d77ae1a666aef99a9575b4a1962f07c,False,False,,,
snrfa_level_data  dollow(1).csv,.csv,115967,2026-08-25T10:18:41.105110+00:00,cdcd784aace5f8d1dc99fe3209a7128a35c4b7c4242c6674f76032bc33d8eb5c,False,False,,True,
snrfa_level_data bululo (1).csv,.csv,645901,2026-08-25T10:15:18.368301+00:00,f24113583e9eb43bf7d7a91cbbfaf2c82efc60d68fb03f2b89b2672de80b727e,False,False,,True,
snrfa_level_data joqhar (1).csv,.csv,286617,2026-08-25T10:16:23.585610+00:00,3e9b2b6715405c90b46457628f3c68cf755bf4437de4dccc34c818b3e1594dbd,False,False,,True,
snrfa_level_data luuq (1).csv,.csv,777605,2026-08-25T10:17:45.181254+00:00,2732ea37b9a1dabcf7b907bcca166bc9f827f1c04cc2cd918ee91a0b42020fd6,False,False,,True,
snrfa_level_data.csv,.csv,660441,2026-08-25T10:13:37.046836+00:00,e70d7f0c26ff4e1189264198e1195ec5e64fc4c3a63b9e22165945355186e21f,False,False,,True,
som_admin_boundaries.geojson.zip,.zip,2435213,2026-08-25T06:40:44.713437+00:00,0d9585793df7de5cde92463155495eb8bb2f419cd458ca7e6227a0de2ebe45bc,False,False,,True,
som_admin_boundaries.xlsx,.xlsx,139180,2026-08-25T06:41:08.504562+00:00,6173dddee41f2385df14622ff9bdeb6e12c8732813ff465378f639c761243aae,False,False,,True,
SPL3SMP_E_006-20260825_092003/SMAP_L3_SM_P_E_20260701_R19240_001_subsetted.nc4,.nc4,1546331,2026-08-25T09:23:39.261902+00:00,d81cd3bfd6c49bec2705d11743f9a9f6673e5e5127faf9d9ab5e2b31a93f6ee1,False,False,2026-07-01,True,
SPL3SMP_E_006-20260825_092003/SMAP_L3_SM_P_E_20260702_R19240_001_subsetted.nc4,.nc4,364120,2026-08-25T09:23:18.266729+00:00,8de2245ff25ccc3e66988833c2311442ce8afaf41b6fa46f980bc567803c1c18,False,False,2026-07-02,True,
SPL3SMP_E_006-20260825_092003/SMAP_L3_SM_P_E_20260702_R19240_002_subsetted.nc4,.nc4,364050,2026-08-25T09:23:39.382566+00:00,01bb58fb88d1883ad315a497328517bf370f157c482dabee1fa08bffff1fcc4b,False,False,2026-07-02,True,
SPL3SMP_E_006-20260825_092003/SMAP_L3_SM_P_E_20260703_R19240_001_subsetted.nc4,.nc4,1084686,2026-08-25T09:23:40.197999+00:00,4b029b8a5e5174eeb8a5c07ca7641050450c3894b7f5ba7384b0123c19bb3b73,False,False,2026-07-03,True,
SPL3SMP_E_006-20260825_092003/SMAP_L3_SM_P_E_20260704_R19240_001_subsetted.nc4,.nc4,1151838,2026-08-25T09:23:42.470743+00:00,f0b67288e7cce51f4d30a9088f70b93db9b89b18f70f1935f8e097b2d668bf26,False,False,2026-07-04,True,
SPL3SMP_E_006-20260825_092003/SMAP_L3_SM_P_E_20260704_R19240_002_subsetted.nc4,.nc4,1151838,2026-08-25T09:23:42.936983+00:00,e52df5838f0902bbede5d06fd1d583abaaaea94c3ebd180eeca7ad928baa6706,False,False,2026-07-04,True,
SPL3SMP_E_006-20260825_092003/SMAP_L3_SM_P_E_20260705_R19240_001_subsetted.nc4,.nc4,394176,2026-08-25T09:23:44.523843+00:00,4c976457efe652cf49beb8d5bdbe5b8cc885ea94dd977feecf80c280b4922e06,False,False,2026-07-05,True,
SPL3SMP_E_006-20260825_092003/SMAP_L3_SM_P_E_20260705_R19240_002_subsetted.nc4,.nc4,394176,2026-08-25T09:23:44.516892+00:00,187d7d3e019b8bd57904dbc0d98bad4437a27858a57e503187c4b0233bde659c,False,False,2026-07-05,True,
SPL3SMP_E_006-20260825_092003/SMAP_L3_SM_P_E_20260706_R19240_001_subsetted.nc4,.nc4,1542794,2026-08-25T09:23:46.340357+00:00,5f8186cd841f8e6b183d90960da01fabb99374112c8fe9aa5a9ebf9c7b1e81ad,False,False,2026-07-06,True,
SPL3SMP_E_006-20260825_092003/SMAP_L3_SM_P_E_20260707_R19240_001_subsetted.nc4,.nc4,654736,2026-08-25T09:23:47.272347+00:00,770e4aa82018dd0839535e124437ecac4cae2fb56d3ed4301a9447a91b3803ba,False,False,2026-07-07,True,
SPL3SMP_E_006-20260825_092003/SMAP_L3_SM_P_E_20260708_R19240_001_subsetted.nc4,.nc4,678980,2026-08-25T09:23:47.532961+00:00,b867e82ac28bca529e4c48049e476e914d32f784d4e7905ffe772debe73362d9,False,False,2026-07-08,True,
SPL3SMP_E_006-20260825_092003/SMAP_L3_SM_P_E_20260708_R19240_002_subsetted.nc4,.nc4,678980,2026-08-25T09:23:48.505024+00:00,63b7a3efc9bf92fccd47158de6dce6e52b3d499afdda50b2c3c50d7e6b9929d0,False,False,2026-07-08,True,
SPL3SMP_E_006-20260825_092003/SMAP_L3_SM_P_E_20260709_R19240_001_subsetted.nc4,.nc4,1555852,2026-08-25T09:23:49.392411+00:00,3076b3b97277248f9dd2e9ff692a1fbbc3d66c8a9be72dcfd003f5373ae9e860,False,False,2026-07-09,True,
SPL3SMP_E_006-20260825_092003/SMAP_L3_SM_P_E_20260709_R19240_002_subsetted.nc4,.nc4,1555852,2026-08-25T09:23:50.732809+00:00,be35c8ff580f9de05a1feeeb8916a7340b28f11cc84f537a267a49af9ab59d90,False,False,2026-07-09,True,
SPL3SMP_E_006-20260825_092003/SMAP_L3_SM_P_E_20260710_R19240_001_subsetted.nc4,.nc4,364050,2026-08-25T09:23:50.827552+00:00,67eaefd25955c34f38945f65e0a9a384508a1c83c6f819393a25da41d2399638,False,False,2026-07-10,True,
SPL3SMP_E_006-20260825_092003/SMAP_L3_SM_P_E_20260711_R19240_001_subsetted.nc4,.nc4,1073060,2026-08-25T09:23:51.508797+00:00,eb160c30d6222b53490e72b070c0c1b050fd2ee1b806f01cf96b606460b5f3a1,False,False,2026-07-11,True,
SPL3SMP_E_006-20260825_092003/SMAP_L3_SM_P_E_20260712_R19240_001_subsetted.nc4,.nc4,1155448,2026-08-25T09:23:52.440215+00:00,357e55c18458414589e7b4a5cfbdeccd21895f7f65939939571a89a4c0ac6364,False,False,2026-07-12,True,
SPL3SMP_E_006-20260825_092003/SMAP_L3_SM_P_E_20260713_R19240_001_subsetted.nc4,.nc4,391030,2026-08-25T09:23:52.687322+00:00,8b454c074342f3a94efd2f8f91913a6d5c2485e4c954948d01689b8f4a2f7800,False,False,2026-07-13,True,
SPL3SMP_E_006-20260825_092003/SMAP_L3_SM_P_E_20260714_R19240_001_subsetted.nc4,.nc4,1529795,2026-08-25T09:23:54.829482+00:00,88be56f63b1b581d38a3bd77cf777441852a74abd3000d109f7e47da30302d08,False,False,2026-07-14,True,
SPL3SMP_E_006-20260825_092003/SMAP_L3_SM_P_E_20260715_R19240_001_subsetted.nc4,.nc4,660686,2026-08-25T09:23:54.349909+00:00,9d904893ff15ce3bc1b2aba90f18f1f41559e08cde177a58445fed9946fae898,False,False,2026-07-15,True,
SPL3SMP_E_006-20260825_092003/SMAP_L3_SM_P_E_20260716_R19240_001_subsetted.nc4,.nc4,676714,2026-08-25T09:23:55.505679+00:00,40a09ce05005fe5c15df988650d3b80d4d0d70bef439ed03469afbd1e6723d06,False,False,2026-07-16,True,
SPL3SMP_E_006-20260825_092003/SMAP_L3_SM_P_E_20260717_R19240_001_subsetted.nc4,.nc4,1553138,2026-08-25T09:23:56.931049+00:00,a6d68511d0f4c51fba0c3ac94a8bf3086faec17e290932c5e43592dd442797ab,False,False,2026-07-17,True,
SPL3SMP_E_006-20260825_092003/SMAP_L3_SM_P_E_20260718_R19240_001_subsetted.nc4,.nc4,364050,2026-08-25T09:23:56.104735+00:00,71649c0d2ff81088978b286f1d669e90e8715ebdf7b79b0e219c6b4de580d138,False,False,2026-07-18,True,
SPL3SMP_E_006-20260825_092003/SMAP_L3_SM_P_E_20260719_R19240_001_subsetted.nc4,.nc4,1063990,2026-08-25T09:23:58.972590+00:00,3c3edbeaf96d97f8734c52d454dce40b75ae195c873b6bc1581470e7c5cd2677,False,False,2026-07-19,True,
SPL3SMP_E_006-20260825_092003/SMAP_L3_SM_P_E_20260720_R19240_001_subsetted.nc4,.nc4,1159545,2026-08-25T09:23:59.820787+00:00,25be213203f6fc14e8c1ce0b279d29e2c76d43eba78f5437cf96fc61b040d522,False,False,2026-07-20,True,
SPL3SMP_E_006-20260825_092003/SMAP_L3_SM_P_E_20260721_R19240_001_subsetted.nc4,.nc4,389927,2026-08-25T09:24:00.008662+00:00,381d132c7e1f3383f7853338eb149b9671bd4439b8acda49569da3b1ce7203c3,False,False,2026-07-21,True,
SPL3SMP_E_006-20260825_092003/SMAP_L3_SM_P_E_20260722_R19240_001_subsetted.nc4,.nc4,1529857,2026-08-25T09:24:04.088608+00:00,b275bd2c220e22ffb0e0fe2854478247650177d0f7455abdd1e9da836273f803,False,False,2026-07-22,True,
SPL3SMP_E_006-20260825_092003/SMAP_L3_SM_P_E_20260723_R19240_001_subsetted.nc4,.nc4,666090,2026-08-25T09:24:05.599245+00:00,bede1fdf1949994643b710d24ae3744aea98fe4e4f63e787a3e077cc427b281d,False,False,2026-07-23,True,
SPL3SMP_E_006-20260825_092003/SMAP_L3_SM_P_E_20260723_R19240_002_subsetted.nc4,.nc4,666090,2026-08-25T09:24:07.018387+00:00,3d0f44d2cd5d00dcd76f53a84d87d30bb037480ed6db19ec05316d571110eca5,False,False,2026-07-23,True,
SPL3SMP_E_006-20260825_092003/SMAP_L3_SM_P_E_20260724_R19240_001_subsetted.nc4,.nc4,669947,2026-08-25T09:24:08.985093+00:00,3df68360317775233298955d6c02bac5a2b36cb66830289709f41cc36ce27ffd,False,False,2026-07-24,True,
SPL3SMP_E_006-20260825_092003/SMAP_L3_SM_P_E_20260724_R19240_004_subsetted.nc4,.nc4,669947,2026-08-25T09:24:10.760822+00:00,7e14356766e7ac1d979200512f3d2eeb89f93fb49ef2f0cb77ae1d3ee89acba8,False,False,2026-07-24,True,
SPL3SMP_E_006-20260825_092003/SMAP_L3_SM_P_E_20260725_R19240_001_subsetted.nc4,.nc4,1558730,2026-08-25T09:24:13.302928+00:00,c1905f692796ffd61bfbb2e4ee40378a41186b10a2aff3cbec616864938fd9b8,False,False,2026-07-25,True,
SPL3SMP_E_006-20260825_092003/SMAP_L3_SM_P_E_20260726_R19240_001_subsetted.nc4,.nc4,364050,2026-08-25T09:24:14.107216+00:00,1cdf72464f2109ff05c4a2ab52c38841cfd9164a8fe1f023e529bf0558e401c7,False,False,2026-07-26,True,
SPL3SMP_E_006-20260825_092003/SMAP_L3_SM_P_E_20260727_R19240_001_subsetted.nc4,.nc4,1059116,2026-08-25T09:24:19.613898+00:00,e1e10007f1e626cfe9b7861a9e93495bbe9cb6ec4de8d8b2c6d0d4a08a9189a1,False,False,2026-07-27,True,
SPL3SMP_E_006-20260825_092003/SMAP_L3_SM_P_E_20260728_R19240_001_subsetted.nc4,.nc4,1179290,2026-08-25T09:24:20.951940+00:00,a55951ff75160674565ec537e9a11f3909602588e4b75bbb86c8988e1325a4a8,False,False,2026-07-28,True,
SPL3SMP_E_006-20260825_092003/SMAP_L3_SM_P_E_20260729_R19240_001_subsetted.nc4,.nc4,388497,2026-08-25T09:24:22.460283+00:00,d936cc28ba9ef1acab29471193740a89576529c4ec19a2d45def778f24895697,False,False,2026-07-29,True,
SPL3SMP_E_006-20260825_092003/SMAP_L3_SM_P_E_20260730_R19240_001_subsetted.nc4,.nc4,1550135,2026-08-25T09:24:28.018034+00:00,400184eceff1a83962dcccbcaf67013fcd3c1acbaedca9440e4e0ad6a4b1ab26,False,False,2026-07-30,True,
SPL3SMP_E_006-20260825_092003/SMAP_L3_SM_P_E_20260731_R19240_001_subsetted.nc4,.nc4,680699,2026-08-25T09:24:29.213992+00:00,4a443c7f1b9799a180881053dd72342552b0e25efd57fbbc43a5db2bd9f3e0e1,False,False,2026-07-31,True,
