reference_year,canonical_region_id,canonical_region_name,canonical_district_id,canonical_district_name,district_population,district_area_km2,population_density_per_km2,valid_raster_pixels
2025,SO11,Awdal,SO1102,Baki,68710.031,3421.098,20.084,12526
2025,SO11,Awdal,SO1101,Borama,443194.656,3086.983,143.569,36518
2025,SO11,Awdal,SO1103,Lughaye,74691.516,3337.343,22.381,1818
2025,SO11,Awdal,SO1104,Zeylac,66585.359,6039.529,11.025,9669
2025,SO25,Bakool,SO2502,Ceel Barde,87629.57,7665.779,11.431,3025
2025,SO25,Bakool,SO2505,Rab Dhuure,91368.469,3301.715,27.673,25372
2025,SO25,Bakool,SO2503,Tayeeglow,171616.016,6595.167,26.021,16976
2025,SO25,Bakool,SO2504,Waajid,93101.664,2803.517,33.209,4798
2025,SO25,Bakool,SO2501,Xudur,119454.906,5431.613,21.993,29088
2025,SO22,Banadir,SO2201,Bondhere,50111.906,1.401,35776.354,165
2025,SO22,Banadir,SO2202,Cabdulasis,28823.551,0.97,29710.409,114
2025,SO22,Banadir,SO2203,Daynile,505210.188,46.933,10764.386,5321
2025,SO22,Banadir,SO2204,Dharkenley,205986.719,23.482,8772.236,2150
2025,SO22,Banadir,SO2205,Hamar Jabjab,51864.945,1.852,28009.267,200
2025,SO22,Banadir,SO2206,Hamar Weyne,28368.617,0.852,33280.07,100
2025,SO22,Banadir,SO2207,Hawl Wadaag,134763.609,3.885,34684.608,456
2025,SO22,Banadir,SO2208,Heliwa,350552.625,21.879,16022.156,2410
2025,SO22,Banadir,SO2209,Hodan,202269.281,6.388,31666.223,745
2025,SO22,Banadir,SO2210,Kahda,224672.969,27.606,8138.41,3090
2025,SO22,Banadir,SO2211,Karaan,255619.969,15.31,16695.778,1566
2025,SO22,Banadir,SO2212,Shangaani,16011.617,0.548,29210.58,66
2025,SO22,Banadir,SO2213,Shibis,69824.867,2.086,33479.217,242
2025,SO22,Banadir,Unspecified,Unspecified,288344.688,142.632,2021.594,7909
2025,SO22,Banadir,SO2214,Waaberi,122501.852,5.911,20725.315,692
2025,SO22,Banadir,SO2215,Wadajir (Medina),387167.875,14.565,26581.96,1689
2025,SO22,Banadir,SO2216,Wardhigley,175108.75,5.253,33332.877,613
2025,SO22,Banadir,SO2217,Yaaqshid,195648.156,5.798,33744.629,681
2025,SO16,Bari,SO1602,Bandarbeyla,39622.098,11290.567,3.509,3205
2025,SO16,Bari,SO1601,Bossaso,802999.062,7879.006,101.916,14591
2025,SO16,Bari,SO1603,Caluula,66496.609,4529.221,14.682,3734
2025,SO16,Bari,SO1604,Iskushuban,61618.594,18350.496,3.358,8013
2025,SO16,Bari,SO1605,Qandala,62819.422,7395.982,8.494,7832
2025,SO16,Bari,SO1606,Qardho,175103.156,18631.68,9.398,20156
2025,SO24,Bay,SO2401,Baydhaba,762467.75,12909.935,59.061,71035
2025,SO24,Bay,SO2402,Buur Hakaba,212254.406,18026.007,11.775,59471
2025,SO24,Bay,SO2403,Diinsoor,180599.812,9730.001,18.561,43005
2025,SO24,Bay,SO2404,Qansax Dheere,141658.938,3265.564,43.38,25042
2025,SO19,Galgaduud,SO1902,Cabudwaaq,197484.156,6408.928,30.814,51435
2025,SO19,Galgaduud,SO1903,Cadaado,141296.625,6449.37,21.909,31476
2025,SO19,Galgaduud,SO1904,Ceel Buur,112914.188,13354.482,8.455,60482
2025,SO19,Galgaduud,SO1905,Ceel Dheer,109362.281,10366.538,10.55,33921
2025,SO19,Galgaduud,SO1901,Dhuusamarreeb,260461.625,12700.833,20.507,52227
2025,SO26,Gedo,SO2602,Baardheere,211489.172,15272.097,13.848,24678
2025,SO26,Gedo,SO2603,Belet Xaawo,175685.688,3805.023,46.172,16219
2025,SO26,Gedo,SO2604,Ceel Waaq,101679.805,7768.521,13.089,10187
2025,SO26,Gedo,SO2605,Doolow,94299.75,1619.477,58.229,24335
2025,SO26,Gedo,SO2601,Garbahaarey,154050.047,8323.912,18.507,30975
2025,SO26,Gedo,SO2606,Luuq,146401.578,8267.669,17.708,56323
2025,SO20,Hiraan,SO2001,Belet Weyne,348532.312,14684.109,23.735,76073
2025,SO20,Hiraan,SO2002,Bulo Burto,104658.766,16046.921,6.522,68732
2025,SO20,Hiraan,SO2003,Jalalaqsi,66521.195,3122.672,21.303,15503
2025,SO28,Lower Juba,SO2802,Afmadow,284439.688,26757.501,10.63,25776
2025,SO28,Lower Juba,SO2803,Badhaadhe,75730.812,9761.547,7.758,4270
2025,SO28,Lower Juba,SO2804,Jamaame,456211.312,2148.955,212.294,13894
2025,SO28,Lower Juba,SO2801,Kismaayo,360165.125,9215.286,39.083,25060
2025,SO23,Lower Shabelle,SO2302,Afgooye,579993.875,3831.795,151.363,97896
2025,SO23,Lower Shabelle,SO2303,Baraawe,67274.148,3283.65,20.488,11982
2025,SO23,Lower Shabelle,SO2304,Kurtunwaarey,79185.0,2545.926,31.103,7353
2025,SO23,Lower Shabelle,SO2301,Marka,303188.875,1033.155,293.459,14506
2025,SO23,Lower Shabelle,SO2305,Qoryooley,155435.578,3213.598,48.368,24768
2025,SO23,Lower Shabelle,SO2306,Sablaale,77745.422,5991.81,12.975,3334
2025,SO23,Lower Shabelle,SO2307,Wanla Weyn,392500.469,5711.909,68.716,70234
2025,SO27,Middle Juba,SO2701,Bu'aale,155202.188,5490.018,28.27,7014
2025,SO27,Middle Juba,SO2702,Jilib,175561.312,5250.523,33.437,9121
2025,SO27,Middle Juba,SO2703,Saakow,116252.719,8050.543,14.44,17962
2025,SO21,Middle Shabelle,SO2102,Adan Yabaal,105572.625,3976.526,26.549,18125
2025,SO21,Middle Shabelle,SO2103,Balcad,410950.75,4226.406,97.234,97169
2025,SO21,Middle Shabelle,SO2104,Cadale,87106.922,5821.591,14.963,29303
2025,SO21,Middle Shabelle,SO2101,Jowhar,449436.0,4636.392,96.937,60684
2025,SO18,Mudug,SO1801,Gaalkacyo,855299.125,15228.064,56.166,50819
2025,SO18,Mudug,SO1802,Galdogob,183752.938,1987.058,92.475,14187
2025,SO18,Mudug,SO1803,Hobyo,195319.781,25450.763,7.674,36826
2025,SO18,Mudug,SO1804,Jariiban,200653.078,10927.13,18.363,14380
2025,SO18,Mudug,SO1805,Xarardheere,85118.922,5124.35,16.611,29785
2025,SO17,Nugaal,SO1702,Burtinle,135338.094,9665.818,14.002,17792
2025,SO17,Nugaal,SO1703,Eyl,174090.703,9308.633,18.702,5128
2025,SO17,Nugaal,SO1701,Garoowe,344608.938,8594.081,40.098,11420
2025,SO15,Sanaag,SO1502,Ceel Afweyn,96602.281,15670.83,6.164,15110
2025,SO15,Sanaag,SO1501,Ceerigaabo,183960.281,25965.501,7.085,40230
2025,SO15,Sanaag,SO1503,Laasqoray,161981.5,12172.899,13.307,11406
2025,SO14,Sool,SO1402,Caynabo,99959.281,8073.195,12.382,26053
2025,SO14,Sool,SO1401,Laas Caanood,274492.5,11564.636,23.736,33659
2025,SO14,Sool,SO1403,Taleex,96467.211,8589.274,11.231,5636
2025,SO14,Sool,SO1404,Xudun,99611.672,9105.174,10.94,7180
2025,SO13,Togdheer,SO1301,Burco,540051.688,16071.685,33.603,180196
2025,SO13,Togdheer,SO1302,Buuhoodle,96370.297,6785.935,14.201,48768
2025,SO13,Togdheer,SO1303,Owdweyne,101812.781,8353.91,12.187,52630
2025,SO13,Togdheer,SO1304,Sheikh,150609.578,2963.382,50.824,15204
2025,SO12,Woqooyi Galbeed,SO1202,Berbera,195668.516,10259.339,19.072,14516
2025,SO12,Woqooyi Galbeed,SO1203,Gebiley,211582.281,4277.993,49.458,84660
2025,SO12,Woqooyi Galbeed,SO1201,Hargeysa,1084594.125,13710.039,79.109,171664
