risk_type,geography_type,geography_id,as_of_date,risk_probability,risk_level,population_context,population_potentially_exposed,exposure_method,source_version,model_version,quality_status
DROUGHT,DISTRICT,SO1101,2025-12-18,0.016835016835016835,NORMAL,443194.656,0.0,no_exposure_claim_at_normal_risk_level,1.1.0,1.1.0,GOOD
DROUGHT,DISTRICT,SO1102,2025-12-18,0.016835016835016835,NORMAL,68710.031,0.0,no_exposure_claim_at_normal_risk_level,1.1.0,1.1.0,GOOD
DROUGHT,DISTRICT,SO1103,2025-12-18,0.2692307692307692,WATCH,74691.516,74691.516,full_canonical_district_population_at_or_above_watch_threshold,1.1.0,1.1.0,DEGRADED
DROUGHT,DISTRICT,SO1104,2025-12-18,0.05228758169934641,NORMAL,66585.359,0.0,no_exposure_claim_at_normal_risk_level,1.1.0,1.1.0,GOOD
DROUGHT,DISTRICT,SO1201,2025-12-18,0.016835016835016835,NORMAL,1084594.125,0.0,no_exposure_claim_at_normal_risk_level,1.1.0,1.1.0,GOOD
DROUGHT,DISTRICT,SO1202,2025-12-18,0.11464968152866242,NORMAL,195668.516,0.0,no_exposure_claim_at_normal_risk_level,1.1.0,1.1.0,GOOD
DROUGHT,DISTRICT,SO1203,2025-12-18,0.016835016835016835,NORMAL,211582.281,0.0,no_exposure_claim_at_normal_risk_level,1.1.0,1.1.0,GOOD
DROUGHT,DISTRICT,SO1301,2025-12-18,0.0784313725490196,NORMAL,540051.688,0.0,no_exposure_claim_at_normal_risk_level,1.1.0,1.1.0,GOOD
DROUGHT,DISTRICT,SO1302,2025-12-18,0.11464968152866242,NORMAL,96370.297,0.0,no_exposure_claim_at_normal_risk_level,1.1.0,1.1.0,DEGRADED
DROUGHT,DISTRICT,SO1303,2025-12-18,0.016835016835016835,NORMAL,101812.781,0.0,no_exposure_claim_at_normal_risk_level,1.1.0,1.1.0,DEGRADED
DROUGHT,DISTRICT,SO1304,2025-12-18,0.024,NORMAL,150609.578,0.0,no_exposure_claim_at_normal_risk_level,1.1.0,1.1.0,GOOD
DROUGHT,DISTRICT,SO1401,2025-12-18,0.2692307692307692,WATCH,274492.5,274492.5,full_canonical_district_population_at_or_above_watch_threshold,1.1.0,1.1.0,GOOD
DROUGHT,DISTRICT,SO1402,2025-12-18,0.11464968152866242,NORMAL,99959.281,0.0,no_exposure_claim_at_normal_risk_level,1.1.0,1.1.0,GOOD
DROUGHT,DISTRICT,SO1403,2025-12-18,0.11464968152866242,NORMAL,96467.211,0.0,no_exposure_claim_at_normal_risk_level,1.1.0,1.1.0,DEGRADED
DROUGHT,DISTRICT,SO1404,2025-12-18,0.11464968152866242,NORMAL,99611.672,0.0,no_exposure_claim_at_normal_risk_level,1.1.0,1.1.0,DEGRADED
DROUGHT,DISTRICT,SO1501,2025-12-18,0.016835016835016835,NORMAL,183960.281,0.0,no_exposure_claim_at_normal_risk_level,1.1.0,1.1.0,DEGRADED
DROUGHT,DISTRICT,SO1502,2025-12-18,0.05228758169934641,NORMAL,96602.281,0.0,no_exposure_claim_at_normal_risk_level,1.1.0,1.1.0,GOOD
DROUGHT,DISTRICT,SO1503,2025-12-18,0.016835016835016835,NORMAL,161981.5,0.0,no_exposure_claim_at_normal_risk_level,1.1.0,1.1.0,GOOD
DROUGHT,DISTRICT,SO1601,2025-12-18,0.016835016835016835,NORMAL,802999.062,0.0,no_exposure_claim_at_normal_risk_level,1.1.0,1.1.0,GOOD
DROUGHT,DISTRICT,SO1602,2025-12-18,0.22641509433962265,WATCH,39622.098,39622.098,full_canonical_district_population_at_or_above_watch_threshold,1.1.0,1.1.0,GOOD
DROUGHT,DISTRICT,SO1603,2025-12-18,0.11464968152866242,NORMAL,66496.609,0.0,no_exposure_claim_at_normal_risk_level,1.1.0,1.1.0,GOOD
DROUGHT,DISTRICT,SO1604,2025-12-18,0.0784313725490196,NORMAL,61618.594,0.0,no_exposure_claim_at_normal_risk_level,1.1.0,1.1.0,GOOD
DROUGHT,DISTRICT,SO1605,2025-12-18,0.016835016835016835,NORMAL,62819.422,0.0,no_exposure_claim_at_normal_risk_level,1.1.0,1.1.0,GOOD
DROUGHT,DISTRICT,SO1606,2025-12-18,0.05228758169934641,NORMAL,175103.156,0.0,no_exposure_claim_at_normal_risk_level,1.1.0,1.1.0,GOOD
DROUGHT,DISTRICT,SO1701,2025-12-18,0.14545454545454545,WATCH,344608.938,344608.938,full_canonical_district_population_at_or_above_watch_threshold,1.1.0,1.1.0,DEGRADED
DROUGHT,DISTRICT,SO1702,2025-12-18,0.22641509433962265,WATCH,135338.094,135338.094,full_canonical_district_population_at_or_above_watch_threshold,1.1.0,1.1.0,GOOD
DROUGHT,DISTRICT,SO1703,2025-12-18,0.22641509433962265,WATCH,174090.703,174090.703,full_canonical_district_population_at_or_above_watch_threshold,1.1.0,1.1.0,GOOD
DROUGHT,DISTRICT,SO1801,2025-12-18,0.16346153846153846,WATCH,855299.125,855299.125,full_canonical_district_population_at_or_above_watch_threshold,1.1.0,1.1.0,GOOD
DROUGHT,DISTRICT,SO1802,2025-12-18,0.11464968152866242,NORMAL,183752.938,0.0,no_exposure_claim_at_normal_risk_level,1.1.0,1.1.0,GOOD
DROUGHT,DISTRICT,SO1803,2025-12-18,0.4876543209876543,WARNING,195319.781,195319.781,full_canonical_district_population_at_or_above_watch_threshold,1.1.0,1.1.0,GOOD
DROUGHT,DISTRICT,SO1804,2025-12-18,0.2692307692307692,WATCH,200653.078,200653.078,full_canonical_district_population_at_or_above_watch_threshold,1.1.0,1.1.0,GOOD
DROUGHT,DISTRICT,SO1805,2025-12-18,0.659217877094972,SEVERE,85118.922,85118.922,full_canonical_district_population_at_or_above_watch_threshold,1.1.0,1.1.0,DEGRADED
DROUGHT,DISTRICT,SO1901,2025-12-18,0.6428571428571429,SEVERE,260461.625,260461.625,full_canonical_district_population_at_or_above_watch_threshold,1.1.0,1.1.0,GOOD
DROUGHT,DISTRICT,SO1902,2025-12-18,0.4876543209876543,WARNING,197484.156,197484.156,full_canonical_district_population_at_or_above_watch_threshold,1.1.0,1.1.0,GOOD
DROUGHT,DISTRICT,SO1903,2025-12-18,0.3877551020408163,WARNING,141296.625,141296.625,full_canonical_district_population_at_or_above_watch_threshold,1.1.0,1.1.0,GOOD
DROUGHT,DISTRICT,SO1904,2025-12-18,0.4876543209876543,WARNING,112914.188,112914.188,full_canonical_district_population_at_or_above_watch_threshold,1.1.0,1.1.0,GOOD
DROUGHT,DISTRICT,SO1905,2025-12-18,0.6428571428571429,SEVERE,109362.281,109362.281,full_canonical_district_population_at_or_above_watch_threshold,1.1.0,1.1.0,GOOD
DROUGHT,DISTRICT,SO2001,2025-12-18,0.4876543209876543,WARNING,348532.312,348532.312,full_canonical_district_population_at_or_above_watch_threshold,1.1.0,1.1.0,GOOD
DROUGHT,DISTRICT,SO2002,2025-12-18,0.6428571428571429,SEVERE,104658.766,104658.766,full_canonical_district_population_at_or_above_watch_threshold,1.1.0,1.1.0,GOOD
DROUGHT,DISTRICT,SO2003,2025-12-18,0.659217877094972,SEVERE,66521.195,66521.195,full_canonical_district_population_at_or_above_watch_threshold,1.1.0,1.1.0,GOOD
DROUGHT,DISTRICT,SO2101,2025-12-18,0.659217877094972,SEVERE,449436.0,449436.0,full_canonical_district_population_at_or_above_watch_threshold,1.1.0,1.1.0,DEGRADED
DROUGHT,DISTRICT,SO2102,2025-12-18,0.659217877094972,SEVERE,105572.625,105572.625,full_canonical_district_population_at_or_above_watch_threshold,1.1.0,1.1.0,DEGRADED
DROUGHT,DISTRICT,SO2103,2025-12-18,0.7857142857142857,SEVERE,410950.75,410950.75,full_canonical_district_population_at_or_above_watch_threshold,1.1.0,1.1.0,DEGRADED
DROUGHT,DISTRICT,SO2104,2025-12-18,0.659217877094972,SEVERE,87106.922,87106.922,full_canonical_district_population_at_or_above_watch_threshold,1.1.0,1.1.0,GOOD
DROUGHT,DISTRICT,SO2203,2025-12-18,0.2692307692307692,WATCH,505210.188,505210.188,full_canonical_district_population_at_or_above_watch_threshold,1.1.0,1.1.0,GOOD
DROUGHT,DISTRICT,SO2204,2025-12-18,0.2692307692307692,WATCH,205986.719,205986.719,full_canonical_district_population_at_or_above_watch_threshold,1.1.0,1.1.0,GOOD
DROUGHT,DISTRICT,SO2207,2025-03-21,0.2692307692307692,WATCH,134763.609,134763.609,full_canonical_district_population_at_or_above_watch_threshold,1.1.0,1.1.0,GOOD
DROUGHT,DISTRICT,SO2208,2025-06-09,0.2692307692307692,WATCH,350552.625,350552.625,full_canonical_district_population_at_or_above_watch_threshold,1.1.0,1.1.0,GOOD
DROUGHT,DISTRICT,SO2210,2025-12-18,0.2692307692307692,WATCH,224672.969,224672.969,full_canonical_district_population_at_or_above_watch_threshold,1.1.0,1.1.0,GOOD
DROUGHT,DISTRICT,SO2214,2025-12-18,0.3877551020408163,WARNING,122501.852,122501.852,full_canonical_district_population_at_or_above_watch_threshold,1.1.0,1.1.0,GOOD
DROUGHT,DISTRICT,SO2215,2025-04-06,0.024,NORMAL,387167.875,0.0,no_exposure_claim_at_normal_risk_level,1.1.0,1.1.0,GOOD
DROUGHT,DISTRICT,SO2216,2024-02-17,0.3877551020408163,WARNING,175108.75,175108.75,full_canonical_district_population_at_or_above_watch_threshold,1.1.0,1.1.0,DEGRADED
DROUGHT,DISTRICT,SO2217,2025-02-01,0.2692307692307692,WATCH,195648.156,195648.156,full_canonical_district_population_at_or_above_watch_threshold,1.1.0,1.1.0,GOOD
DROUGHT,DISTRICT,SO2301,2025-12-18,0.659217877094972,SEVERE,303188.875,303188.875,full_canonical_district_population_at_or_above_watch_threshold,1.1.0,1.1.0,DEGRADED
DROUGHT,DISTRICT,SO2302,2025-12-18,0.7857142857142857,SEVERE,579993.875,579993.875,full_canonical_district_population_at_or_above_watch_threshold,1.1.0,1.1.0,DEGRADED
DROUGHT,DISTRICT,SO2303,2025-12-18,0.7272727272727273,SEVERE,67274.148,67274.148,full_canonical_district_population_at_or_above_watch_threshold,1.1.0,1.1.0,DEGRADED
DROUGHT,DISTRICT,SO2304,2025-12-18,0.7857142857142857,SEVERE,79185.0,79185.0,full_canonical_district_population_at_or_above_watch_threshold,1.1.0,1.1.0,DEGRADED
DROUGHT,DISTRICT,SO2305,2025-12-18,0.2692307692307692,WATCH,155435.578,155435.578,full_canonical_district_population_at_or_above_watch_threshold,1.1.0,1.1.0,GOOD
DROUGHT,DISTRICT,SO2306,2025-12-18,0.2692307692307692,WATCH,77745.422,77745.422,full_canonical_district_population_at_or_above_watch_threshold,1.1.0,1.1.0,GOOD
DROUGHT,DISTRICT,SO2307,2025-12-18,0.76,SEVERE,392500.469,392500.469,full_canonical_district_population_at_or_above_watch_threshold,1.1.0,1.1.0,DEGRADED
DROUGHT,DISTRICT,SO2401,2025-12-18,0.659217877094972,SEVERE,762467.75,762467.75,full_canonical_district_population_at_or_above_watch_threshold,1.1.0,1.1.0,GOOD
DROUGHT,DISTRICT,SO2402,2025-12-18,0.7857142857142857,SEVERE,212254.406,212254.406,full_canonical_district_population_at_or_above_watch_threshold,1.1.0,1.1.0,DEGRADED
DROUGHT,DISTRICT,SO2403,2025-12-18,0.7857142857142857,SEVERE,180599.812,180599.812,full_canonical_district_population_at_or_above_watch_threshold,1.1.0,1.1.0,DEGRADED
DROUGHT,DISTRICT,SO2404,2025-12-18,0.76,SEVERE,141658.938,141658.938,full_canonical_district_population_at_or_above_watch_threshold,1.1.0,1.1.0,DEGRADED
DROUGHT,DISTRICT,SO2501,2025-12-18,0.42574257425742573,WARNING,119454.906,119454.906,full_canonical_district_population_at_or_above_watch_threshold,1.1.0,1.1.0,GOOD
DROUGHT,DISTRICT,SO2502,2025-12-18,0.22641509433962265,WATCH,87629.57,87629.57,full_canonical_district_population_at_or_above_watch_threshold,1.1.0,1.1.0,GOOD
DROUGHT,DISTRICT,SO2503,2025-12-18,0.4876543209876543,WARNING,171616.016,171616.016,full_canonical_district_population_at_or_above_watch_threshold,1.1.0,1.1.0,GOOD
DROUGHT,DISTRICT,SO2504,2025-12-18,0.4876543209876543,WARNING,93101.664,93101.664,full_canonical_district_population_at_or_above_watch_threshold,1.1.0,1.1.0,GOOD
DROUGHT,DISTRICT,SO2505,2025-12-18,0.42574257425742573,WARNING,91368.469,91368.469,full_canonical_district_population_at_or_above_watch_threshold,1.1.0,1.1.0,GOOD
DROUGHT,DISTRICT,SO2601,2025-12-18,0.659217877094972,SEVERE,154050.047,154050.047,full_canonical_district_population_at_or_above_watch_threshold,1.1.0,1.1.0,GOOD
DROUGHT,DISTRICT,SO2602,2025-12-18,0.659217877094972,SEVERE,211489.172,211489.172,full_canonical_district_population_at_or_above_watch_threshold,1.1.0,1.1.0,GOOD
DROUGHT,DISTRICT,SO2603,2025-12-18,0.659217877094972,SEVERE,175685.688,175685.688,full_canonical_district_population_at_or_above_watch_threshold,1.1.0,1.1.0,GOOD
DROUGHT,DISTRICT,SO2604,2025-12-18,0.659217877094972,SEVERE,101679.805,101679.805,full_canonical_district_population_at_or_above_watch_threshold,1.1.0,1.1.0,GOOD
DROUGHT,DISTRICT,SO2605,2025-12-18,0.6428571428571429,SEVERE,94299.75,94299.75,full_canonical_district_population_at_or_above_watch_threshold,1.1.0,1.1.0,GOOD
DROUGHT,DISTRICT,SO2606,2025-12-18,0.659217877094972,SEVERE,146401.578,146401.578,full_canonical_district_population_at_or_above_watch_threshold,1.1.0,1.1.0,DEGRADED
DROUGHT,DISTRICT,SO2701,2025-12-18,0.7857142857142857,SEVERE,155202.188,155202.188,full_canonical_district_population_at_or_above_watch_threshold,1.1.0,1.1.0,DEGRADED
DROUGHT,DISTRICT,SO2702,2025-12-18,0.7857142857142857,SEVERE,175561.312,175561.312,full_canonical_district_population_at_or_above_watch_threshold,1.1.0,1.1.0,DEGRADED
DROUGHT,DISTRICT,SO2703,2025-12-18,0.7857142857142857,SEVERE,116252.719,116252.719,full_canonical_district_population_at_or_above_watch_threshold,1.1.0,1.1.0,DEGRADED
DROUGHT,DISTRICT,SO2801,2025-12-18,0.659217877094972,SEVERE,360165.125,360165.125,full_canonical_district_population_at_or_above_watch_threshold,1.1.0,1.1.0,GOOD
DROUGHT,DISTRICT,SO2802,2025-12-18,0.4876543209876543,WARNING,284439.688,284439.688,full_canonical_district_population_at_or_above_watch_threshold,1.1.0,1.1.0,GOOD
DROUGHT,DISTRICT,SO2803,2025-12-18,0.4689655172413794,WARNING,75730.812,75730.812,full_canonical_district_population_at_or_above_watch_threshold,1.1.0,1.1.0,GOOD
DROUGHT,DISTRICT,SO2804,2025-12-18,0.6428571428571429,SEVERE,456211.312,456211.312,full_canonical_district_population_at_or_above_watch_threshold,1.1.0,1.1.0,GOOD
DROUGHT,DISTRICT,Unspecified,2025-12-18,0.3877551020408163,WARNING,288344.688,288344.688,full_canonical_district_population_at_or_above_watch_threshold,1.1.0,1.1.0,GOOD
DROUGHT,DISTRICT,SO2209,2024-03-20,0.2692307692307692,WATCH,202269.281,202269.281,full_canonical_district_population_at_or_above_watch_threshold,1.1.0,1.1.0,GOOD
DROUGHT,DISTRICT,SO2211,2025-12-18,0.3877551020408163,WARNING,255619.969,255619.969,full_canonical_district_population_at_or_above_watch_threshold,1.1.0,1.1.0,GOOD
DROUGHT,DISTRICT,SO2206,2024-02-17,0.3877551020408163,WARNING,28368.617,28368.617,full_canonical_district_population_at_or_above_watch_threshold,1.1.0,1.1.0,DEGRADED
DROUGHT,DISTRICT,SO2201,2020-11-15,0.16346153846153846,WATCH,50111.906,50111.906,full_canonical_district_population_at_or_above_watch_threshold,1.1.0,1.1.0,GOOD
DROUGHT,DISTRICT,SO2213,2020-02-17,0.2692307692307692,WATCH,69824.867,69824.867,full_canonical_district_population_at_or_above_watch_threshold,1.1.0,1.1.0,GOOD
