ipc_area_id,analysis_id,ipc_period,ipc_area_title,ipc_admin_type,ipc_geometry_type,district_id,district_name,district_region_id,district_region_name,intersection_area,intersection_area_unit,district_overlap_pct,ipc_area_overlap_pct,mapping_type,ambiguous,eligible_for_areal_weighting,notes
1451,87143416,C,"Awdal Urban (Baki, Lughaye and Zeylac)",polygon,Point,SO1102,Baki,SO11,Awdal,,,,,reference_point_within_district_not_area_mapping,True,False,District contains the supplied IPC reference point only; this does not prove that the IPC population or label belongs to that district.
1452,87143416,C,Awdal Urban (Borama),urb,Point,SO1101,Borama,SO11,Awdal,,,,,reference_point_within_district_not_area_mapping,True,False,District contains the supplied IPC reference point only; this does not prove that the IPC population or label belongs to that district.
1453,87143416,C,Awdal Urban IDPs (Baki and Lughaye),idp,Point,SO1103,Lughaye,SO11,Awdal,,,,,reference_point_within_district_not_area_mapping,True,False,District contains the supplied IPC reference point only; this does not prove that the IPC population or label belongs to that district.
1454,87143416,C,Awdal Urban IDPs (Borama),idp,Point,SO1101,Borama,SO11,Awdal,,,,,reference_point_within_district_not_area_mapping,True,False,District contains the supplied IPC reference point only; this does not prove that the IPC population or label belongs to that district.
1455,87143416,C,Bakool Southern Agro-Pastoral,polygon,Polygon,SO2505,Rab Dhuure,SO25,Bakool,2788.15132,km2,84.44297,23.975301,polygon_overlap_multi_district,True,True,Equal-area intersection in EPSG:6933; no label assignment is implied.
1455,87143416,C,Bakool Southern Agro-Pastoral,polygon,Polygon,SO2503,Tayeeglow,SO25,Bakool,2983.896588,km2,45.243888,25.658514,polygon_overlap_multi_district,True,True,Equal-area intersection in EPSG:6933; no label assignment is implied.
1455,87143416,C,Bakool Southern Agro-Pastoral,polygon,Polygon,SO2504,Waajid,SO25,Bakool,1376.397237,km2,49.097098,11.835634,polygon_overlap_multi_district,True,True,Equal-area intersection in EPSG:6933; no label assignment is implied.
1455,87143416,C,Bakool Southern Agro-Pastoral,polygon,Polygon,SO2501,Xudur,SO25,Bakool,4478.742753,km2,82.456338,38.51269,polygon_overlap_multi_district,True,True,Equal-area intersection in EPSG:6933; no label assignment is implied.
1455,87143416,C,Bakool Southern Agro-Pastoral,polygon,Polygon,SO2606,Luuq,SO26,Gedo,2.077095,km2,0.025123,0.017861,polygon_overlap_multi_district,True,True,Equal-area intersection in EPSG:6933; no label assignment is implied.
1456,87143416,C,Bakool Southern Inland Pastoral,polygon,MultiPolygon,SO2502,Ceel Barde,SO25,Bakool,7665.087185,km2,99.993475,89.299635,polygon_overlap_multi_district,True,True,Equal-area intersection in EPSG:6933; no label assignment is implied.
1456,87143416,C,Bakool Southern Inland Pastoral,polygon,MultiPolygon,SO2505,Rab Dhuure,SO25,Bakool,513.54987,km2,15.553559,5.982948,polygon_overlap_multi_district,True,True,Equal-area intersection in EPSG:6933; no label assignment is implied.
1456,87143416,C,Bakool Southern Inland Pastoral,polygon,MultiPolygon,SO2503,Tayeeglow,SO25,Bakool,379.630425,km2,5.756217,4.422762,polygon_overlap_multi_district,True,True,Equal-area intersection in EPSG:6933; no label assignment is implied.
1456,87143416,C,Bakool Southern Inland Pastoral,polygon,MultiPolygon,SO2501,Xudur,SO25,Bakool,19.593922,km2,0.360736,0.228273,polygon_overlap_multi_district,True,True,Equal-area intersection in EPSG:6933; no label assignment is implied.
1456,87143416,C,Bakool Southern Inland Pastoral,polygon,MultiPolygon,SO2606,Luuq,SO26,Gedo,4.504817,km2,0.054487,0.052482,polygon_overlap_multi_district,True,True,Equal-area intersection in EPSG:6933; no label assignment is implied.
1456,87143416,C,Bakool Southern Inland Pastoral,polygon,MultiPolygon,SO2001,Belet Weyne,SO20,Hiraan,0.279447,km2,0.001903,0.003256,boundary_sliver_preserved,True,False,Equal-area intersection in EPSG:6933; no label assignment is implied.
1456,87143416,C,Bakool Southern Inland Pastoral,polygon,MultiPolygon,SO2002,Bulo Burto,SO20,Hiraan,0.345403,km2,0.002152,0.004024,boundary_sliver_preserved,True,False,Equal-area intersection in EPSG:6933; no label assignment is implied.
1457,87143416,C,"Bakool Urban (Ceel Barde, Rab Dhuure, Tayeeglow and Wajid)",urb,Point,SO2501,Xudur,SO25,Bakool,,,,,reference_point_within_district_not_area_mapping,True,False,District contains the supplied IPC reference point only; this does not prove that the IPC population or label belongs to that district.
1460,87143416,C,Bakool Urban (Xudur),urb,Point,SO2501,Xudur,SO25,Bakool,,,,,reference_point_within_district_not_area_mapping,True,False,District contains the supplied IPC reference point only; this does not prove that the IPC population or label belongs to that district.
1458,87143416,C,"Bakool Urban IDPs (Ceel Barde, Rab Dhuure, Tayeeglow and Wajid)",idp,Point,SO2501,Xudur,SO25,Bakool,,,,,reference_point_within_district_not_area_mapping,True,False,District contains the supplied IPC reference point only; this does not prove that the IPC population or label belongs to that district.
1459,87143416,C,Bakool Urban IDPs (Xudur),idp,Point,SO2501,Xudur,SO25,Bakool,,,,,reference_point_within_district_not_area_mapping,True,False,District contains the supplied IPC reference point only; this does not prove that the IPC population or label belongs to that district.
1462,87143416,C,Banadir Urban (Mogadishu),urb,Point,Unspecified,Unspecified,SO22,Banadir,,,,,reference_point_within_district_not_area_mapping,True,False,District contains the supplied IPC reference point only; this does not prove that the IPC population or label belongs to that district.
1461,87143416,C,Banadir Urban IDPs (Mogadishu),idp,Point,Unspecified,Unspecified,SO22,Banadir,,,,,reference_point_within_district_not_area_mapping,True,False,District contains the supplied IPC reference point only; this does not prove that the IPC population or label belongs to that district.
1463,87143416,C,"Bari Urban (Bandarbeyla, Caluula, Iskushuban, Qandala and Qardho)",urb,Point,SO1604,Iskushuban,SO16,Bari,,,,,reference_point_within_district_not_area_mapping,True,False,District contains the supplied IPC reference point only; this does not prove that the IPC population or label belongs to that district.
1464,87143416,C,Bari Urban (Bossaso),urb,Point,SO1601,Bossaso,SO16,Bari,,,,,reference_point_within_district_not_area_mapping,True,False,District contains the supplied IPC reference point only; this does not prove that the IPC population or label belongs to that district.
1465,87143416,C,"Bari Urban IDPs (Bandarbeyla, Caluula, Iskushuban, Qandala and Qardho)",idp,Point,SO1604,Iskushuban,SO16,Bari,,,,,reference_point_within_district_not_area_mapping,True,False,District contains the supplied IPC reference point only; this does not prove that the IPC population or label belongs to that district.
1466,87143416,C,Bari Urban IDPs (Bossaso),idp,Point,SO1601,Bossaso,SO16,Bari,,,,,reference_point_within_district_not_area_mapping,True,False,District contains the supplied IPC reference point only; this does not prove that the IPC population or label belongs to that district.
1469,87143416,C,Bay Southern Inland Pastoral,polygon,MultiPolygon,SO2402,Buur Hakaba,SO24,Bay,2073.030997,km2,11.500212,99.769903,polygon_overlap_multi_district,True,True,Equal-area intersection in EPSG:6933; no label assignment is implied.
1469,87143416,C,Bay Southern Inland Pastoral,polygon,MultiPolygon,SO2403,Diinsoor,SO24,Bay,4.641924,km2,0.047708,0.223404,polygon_overlap_multi_district,True,True,Equal-area intersection in EPSG:6933; no label assignment is implied.
1469,87143416,C,Bay Southern Inland Pastoral,polygon,MultiPolygon,SO2304,Kurtunwaarey,SO23,Lower Shabelle,0.035641,km2,0.0014,0.001715,boundary_sliver_preserved,True,False,Equal-area intersection in EPSG:6933; no label assignment is implied.
1469,87143416,C,Bay Southern Inland Pastoral,polygon,MultiPolygon,SO2305,Qoryooley,SO23,Lower Shabelle,0.078128,km2,0.002431,0.00376,boundary_sliver_preserved,True,False,Equal-area intersection in EPSG:6933; no label assignment is implied.
1469,87143416,C,Bay Southern Inland Pastoral,polygon,MultiPolygon,SO2306,Sablaale,SO23,Lower Shabelle,1e-05,km2,0.0,0.0,boundary_sliver_preserved,True,False,Equal-area intersection in EPSG:6933; no label assignment is implied.
1469,87143416,C,Bay Southern Inland Pastoral,polygon,MultiPolygon,SO2307,Wanla Weyn,SO23,Lower Shabelle,0.025283,km2,0.000443,0.001217,boundary_sliver_preserved,True,False,Equal-area intersection in EPSG:6933; no label assignment is implied.
1470,87143416,C,Bay Urban (Baydhaba),urb,Point,SO2401,Baydhaba,SO24,Bay,,,,,reference_point_within_district_not_area_mapping,True,False,District contains the supplied IPC reference point only; this does not prove that the IPC population or label belongs to that district.
1471,87143416,C,"Bay Urban (Bur Hakaba, Diinsor and Qansax Dheere)",urb,Point,SO2402,Buur Hakaba,SO24,Bay,,,,,reference_point_within_district_not_area_mapping,True,False,District contains the supplied IPC reference point only; this does not prove that the IPC population or label belongs to that district.
1472,87143416,C,Bay Urban IDPs (Baydhaba),idp,Point,SO2401,Baydhaba,SO24,Bay,,,,,reference_point_within_district_not_area_mapping,True,False,District contains the supplied IPC reference point only; this does not prove that the IPC population or label belongs to that district.
1473,87143416,C,"Bay Urban IDPs (Bur Hakaba, Diinsor and Qansax Dheere)",idp,Point,SO2402,Buur Hakaba,SO24,Bay,,,,,reference_point_within_district_not_area_mapping,True,False,District contains the supplied IPC reference point only; this does not prove that the IPC population or label belongs to that district.
1467,87143416,C,Bay-Bakool Agro-pastoral Low Potential (Bay and Bakool),polygon,Polygon,SO2503,Tayeeglow,SO25,Bakool,3231.510801,km2,48.998385,12.235466,polygon_overlap_multi_district,True,True,Equal-area intersection in EPSG:6933; no label assignment is implied.
1467,87143416,C,Bay-Bakool Agro-pastoral Low Potential (Bay and Bakool),polygon,Polygon,SO2504,Waajid,SO25,Bakool,1426.997135,km2,50.902034,5.403038,polygon_overlap_multi_district,True,True,Equal-area intersection in EPSG:6933; no label assignment is implied.
1467,87143416,C,Bay-Bakool Agro-pastoral Low Potential (Bay and Bakool),polygon,Polygon,SO2501,Xudur,SO25,Bakool,933.317043,km2,17.182926,3.533817,polygon_overlap_multi_district,True,True,Equal-area intersection in EPSG:6933; no label assignment is implied.
1467,87143416,C,Bay-Bakool Agro-pastoral Low Potential (Bay and Bakool),polygon,Polygon,SO2401,Baydhaba,SO24,Bay,7214.863385,km2,55.886099,27.31763,polygon_overlap_multi_district,True,True,Equal-area intersection in EPSG:6933; no label assignment is implied.
1467,87143416,C,Bay-Bakool Agro-pastoral Low Potential (Bay and Bakool),polygon,Polygon,SO2402,Buur Hakaba,SO24,Bay,9705.233328,km2,53.840121,36.746916,polygon_overlap_multi_district,True,True,Equal-area intersection in EPSG:6933; no label assignment is implied.
1467,87143416,C,Bay-Bakool Agro-pastoral Low Potential (Bay and Bakool),polygon,Polygon,SO2403,Diinsoor,SO24,Bay,3829.935625,km2,39.362311,14.501282,polygon_overlap_multi_district,True,True,Equal-area intersection in EPSG:6933; no label assignment is implied.
1467,87143416,C,Bay-Bakool Agro-pastoral Low Potential (Bay and Bakool),polygon,Polygon,SO2404,Qansax Dheere,SO24,Bay,69.015399,km2,2.113405,0.261313,polygon_overlap_multi_district,True,True,Equal-area intersection in EPSG:6933; no label assignment is implied.
1467,87143416,C,Bay-Bakool Agro-pastoral Low Potential (Bay and Bakool),polygon,Polygon,SO2606,Luuq,SO26,Gedo,0.057434,km2,0.000695,0.000217,boundary_sliver_preserved,True,False,Equal-area intersection in EPSG:6933; no label assignment is implied.
1467,87143416,C,Bay-Bakool Agro-pastoral Low Potential (Bay and Bakool),polygon,Polygon,SO2002,Bulo Burto,SO20,Hiraan,0.048546,km2,0.000303,0.000184,boundary_sliver_preserved,True,False,Equal-area intersection in EPSG:6933; no label assignment is implied.
1467,87143416,C,Bay-Bakool Agro-pastoral Low Potential (Bay and Bakool),polygon,Polygon,SO2306,Sablaale,SO23,Lower Shabelle,0.00045,km2,8e-06,2e-06,boundary_sliver_preserved,True,False,Equal-area intersection in EPSG:6933; no label assignment is implied.
1467,87143416,C,Bay-Bakool Agro-pastoral Low Potential (Bay and Bakool),polygon,Polygon,SO2307,Wanla Weyn,SO23,Lower Shabelle,0.035532,km2,0.000622,0.000135,boundary_sliver_preserved,True,False,Equal-area intersection in EPSG:6933; no label assignment is implied.
1468,87143416,C,Bay-Gedo Sorghum High Potential Agropastoral (Bay and Gedo),polygon,MultiPolygon,SO2401,Baydhaba,SO24,Bay,5695.079404,km2,44.113901,25.525852,polygon_overlap_multi_district,True,True,Equal-area intersection in EPSG:6933; no label assignment is implied.
1468,87143416,C,Bay-Gedo Sorghum High Potential Agropastoral (Bay and Gedo),polygon,MultiPolygon,SO2402,Buur Hakaba,SO24,Bay,6246.646749,km2,34.653491,27.998026,polygon_overlap_multi_district,True,True,Equal-area intersection in EPSG:6933; no label assignment is implied.
1468,87143416,C,Bay-Gedo Sorghum High Potential Agropastoral (Bay and Gedo),polygon,MultiPolygon,SO2403,Diinsoor,SO24,Bay,5894.876502,km2,60.584821,26.421361,polygon_overlap_multi_district,True,True,Equal-area intersection in EPSG:6933; no label assignment is implied.
1468,87143416,C,Bay-Gedo Sorghum High Potential Agropastoral (Bay and Gedo),polygon,MultiPolygon,SO2404,Qansax Dheere,SO24,Bay,3172.464888,km2,97.147919,14.21927,polygon_overlap_multi_district,True,True,Equal-area intersection in EPSG:6933; no label assignment is implied.
1468,87143416,C,Bay-Gedo Sorghum High Potential Agropastoral (Bay and Gedo),polygon,MultiPolygon,SO2602,Baardheere,SO26,Gedo,1171.594574,km2,7.671483,5.251191,polygon_overlap_multi_district,True,True,Equal-area intersection in EPSG:6933; no label assignment is implied.
1468,87143416,C,Bay-Gedo Sorghum High Potential Agropastoral (Bay and Gedo),polygon,MultiPolygon,SO2601,Garbahaarey,SO26,Gedo,124.324508,km2,1.493586,0.557233,polygon_overlap_multi_district,True,True,Equal-area intersection in EPSG:6933; no label assignment is implied.
1468,87143416,C,Bay-Gedo Sorghum High Potential Agropastoral (Bay and Gedo),polygon,MultiPolygon,SO2606,Luuq,SO26,Gedo,2.506002,km2,0.030311,0.011232,polygon_overlap_multi_district,True,True,Equal-area intersection in EPSG:6933; no label assignment is implied.
1468,87143416,C,Bay-Gedo Sorghum High Potential Agropastoral (Bay and Gedo),polygon,MultiPolygon,SO2305,Qoryooley,SO23,Lower Shabelle,0.0039,km2,0.000121,1.7e-05,boundary_sliver_preserved,True,False,Equal-area intersection in EPSG:6933; no label assignment is implied.
1468,87143416,C,Bay-Gedo Sorghum High Potential Agropastoral (Bay and Gedo),polygon,MultiPolygon,SO2306,Sablaale,SO23,Lower Shabelle,0.000662,km2,1.1e-05,3e-06,boundary_sliver_preserved,True,False,Equal-area intersection in EPSG:6933; no label assignment is implied.
1468,87143416,C,Bay-Gedo Sorghum High Potential Agropastoral (Bay and Gedo),polygon,MultiPolygon,SO2307,Wanla Weyn,SO23,Lower Shabelle,0.018301,km2,0.00032,8.2e-05,boundary_sliver_preserved,True,False,Equal-area intersection in EPSG:6933; no label assignment is implied.
1468,87143416,C,Bay-Gedo Sorghum High Potential Agropastoral (Bay and Gedo),polygon,MultiPolygon,SO2701,Bu'aale,SO27,Middle Juba,0.001343,km2,2.4e-05,6e-06,boundary_sliver_preserved,True,False,Equal-area intersection in EPSG:6933; no label assignment is implied.
1468,87143416,C,Bay-Gedo Sorghum High Potential Agropastoral (Bay and Gedo),polygon,MultiPolygon,SO2703,Saakow,SO27,Middle Juba,3.508708,km2,0.043584,0.015726,polygon_overlap_multi_district,True,True,Equal-area intersection in EPSG:6933; no label assignment is implied.
1474,87143416,C,Central Addun pastoral (Mudug and Galgaduud),polygon,Polygon,SO1903,Cadaado,SO19,Galgaduud,2235.618917,km2,34.663009,5.411162,polygon_overlap_multi_district,True,True,Equal-area intersection in EPSG:6933; no label assignment is implied.
1474,87143416,C,Central Addun pastoral (Mudug and Galgaduud),polygon,Polygon,SO1904,Ceel Buur,SO19,Galgaduud,6457.945669,km2,48.357767,15.631015,polygon_overlap_multi_district,True,True,Equal-area intersection in EPSG:6933; no label assignment is implied.
1474,87143416,C,Central Addun pastoral (Mudug and Galgaduud),polygon,Polygon,SO1901,Dhuusamarreeb,SO19,Galgaduud,7881.629415,km2,62.057379,19.076944,polygon_overlap_multi_district,True,True,Equal-area intersection in EPSG:6933; no label assignment is implied.
1474,87143416,C,Central Addun pastoral (Mudug and Galgaduud),polygon,Polygon,SO1801,Gaalkacyo,SO18,Mudug,2655.232502,km2,17.437211,6.426808,polygon_overlap_multi_district,True,True,Equal-area intersection in EPSG:6933; no label assignment is implied.
1474,87143416,C,Central Addun pastoral (Mudug and Galgaduud),polygon,Polygon,SO1803,Hobyo,SO18,Mudug,22084.131443,km2,86.772349,53.453128,polygon_overlap_multi_district,True,True,Equal-area intersection in EPSG:6933; no label assignment is implied.
1474,87143416,C,Central Addun pastoral (Mudug and Galgaduud),polygon,Polygon,SO1804,Jariiban,SO18,Mudug,0.388938,km2,0.003559,0.000941,boundary_sliver_preserved,True,False,Equal-area intersection in EPSG:6933; no label assignment is implied.
1474,87143416,C,Central Addun pastoral (Mudug and Galgaduud),polygon,Polygon,SO1805,Xarardheere,SO18,Mudug,0.000246,km2,5e-06,1e-06,boundary_sliver_preserved,True,False,Equal-area intersection in EPSG:6933; no label assignment is implied.
1475,87143416,C,Central Coastal Deeh Pastoral (Mudug and Galgadud),polygon,Polygon,SO1905,Ceel Dheer,SO19,Galgaduud,4041.822763,km2,38.989186,38.694038,polygon_overlap_multi_district,True,True,Equal-area intersection in EPSG:6933; no label assignment is implied.
1475,87143416,C,Central Coastal Deeh Pastoral (Mudug and Galgadud),polygon,Polygon,SO2102,Adan Yabaal,SO21,Middle Shabelle,0.017198,km2,0.000432,0.000165,boundary_sliver_preserved,True,False,Equal-area intersection in EPSG:6933; no label assignment is implied.
1475,87143416,C,Central Coastal Deeh Pastoral (Mudug and Galgadud),polygon,Polygon,SO1803,Hobyo,SO18,Mudug,3365.435281,km2,13.223374,32.218701,polygon_overlap_multi_district,True,True,Equal-area intersection in EPSG:6933; no label assignment is implied.
1475,87143416,C,Central Coastal Deeh Pastoral (Mudug and Galgadud),polygon,Polygon,SO1804,Jariiban,SO18,Mudug,0.013748,km2,0.000126,0.000132,boundary_sliver_preserved,True,False,Equal-area intersection in EPSG:6933; no label assignment is implied.
1475,87143416,C,Central Coastal Deeh Pastoral (Mudug and Galgadud),polygon,Polygon,SO1805,Xarardheere,SO18,Mudug,3023.143676,km2,58.997907,28.941802,polygon_overlap_multi_district,True,True,Equal-area intersection in EPSG:6933; no label assignment is implied.
1476,87143416,C,Central Cowpea Belt  (Mudug and Galgadud),polygon,Polygon,SO1904,Ceel Buur,SO19,Galgaduud,4710.031917,km2,35.269208,35.773003,polygon_overlap_multi_district,True,True,Equal-area intersection in EPSG:6933; no label assignment is implied.
1476,87143416,C,Central Cowpea Belt  (Mudug and Galgadud),polygon,Polygon,SO1905,Ceel Dheer,SO19,Galgaduud,6315.622684,km2,60.923252,47.967571,polygon_overlap_multi_district,True,True,Equal-area intersection in EPSG:6933; no label assignment is implied.
1476,87143416,C,Central Cowpea Belt  (Mudug and Galgadud),polygon,Polygon,SO1901,Dhuusamarreeb,SO19,Galgaduud,39.747107,km2,0.312956,0.301882,polygon_overlap_multi_district,True,True,Equal-area intersection in EPSG:6933; no label assignment is implied.
1476,87143416,C,Central Cowpea Belt  (Mudug and Galgadud),polygon,Polygon,SO2002,Bulo Burto,SO20,Hiraan,0.000101,km2,1e-06,1e-06,boundary_sliver_preserved,True,False,Equal-area intersection in EPSG:6933; no label assignment is implied.
1476,87143416,C,Central Cowpea Belt  (Mudug and Galgadud),polygon,Polygon,SO2102,Adan Yabaal,SO21,Middle Shabelle,0.002865,km2,7.2e-05,2.2e-05,boundary_sliver_preserved,True,False,Equal-area intersection in EPSG:6933; no label assignment is implied.
1476,87143416,C,Central Cowpea Belt  (Mudug and Galgadud),polygon,Polygon,SO1803,Hobyo,SO18,Mudug,0.181042,km2,0.000711,0.001375,boundary_sliver_preserved,True,False,Equal-area intersection in EPSG:6933; no label assignment is implied.
1476,87143416,C,Central Cowpea Belt  (Mudug and Galgadud),polygon,Polygon,SO1805,Xarardheere,SO18,Mudug,2100.856889,km2,40.999096,15.956147,polygon_overlap_multi_district,True,True,Equal-area intersection in EPSG:6933; no label assignment is implied.
1477,87143416,C,"Central Hawd Pastoral (South Mudug, Galgadud)",polygon,Polygon,SO1902,Cabudwaaq,SO19,Galgaduud,6407.571042,km2,99.990379,29.671659,polygon_overlap_multi_district,True,True,Equal-area intersection in EPSG:6933; no label assignment is implied.
1477,87143416,C,"Central Hawd Pastoral (South Mudug, Galgadud)",polygon,Polygon,SO1903,Cadaado,SO19,Galgaduud,4213.346937,km2,65.32745,19.510824,polygon_overlap_multi_district,True,True,Equal-area intersection in EPSG:6933; no label assignment is implied.
1477,87143416,C,"Central Hawd Pastoral (South Mudug, Galgadud)",polygon,Polygon,SO1904,Ceel Buur,SO19,Galgaduud,675.150272,km2,5.055595,3.126431,polygon_overlap_multi_district,True,True,Equal-area intersection in EPSG:6933; no label assignment is implied.
1477,87143416,C,"Central Hawd Pastoral (South Mudug, Galgadud)",polygon,Polygon,SO1901,Dhuusamarreeb,SO19,Galgaduud,4749.473649,km2,37.395806,21.993476,polygon_overlap_multi_district,True,True,Equal-area intersection in EPSG:6933; no label assignment is implied.
1477,87143416,C,"Central Hawd Pastoral (South Mudug, Galgadud)",polygon,Polygon,SO2001,Belet Weyne,SO20,Hiraan,0.015394,km2,0.000105,7.1e-05,boundary_sliver_preserved,True,False,Equal-area intersection in EPSG:6933; no label assignment is implied.
1477,87143416,C,"Central Hawd Pastoral (South Mudug, Galgadud)",polygon,Polygon,SO1801,Gaalkacyo,SO18,Mudug,3795.995836,km2,24.928732,17.578189,polygon_overlap_multi_district,True,True,Equal-area intersection in EPSG:6933; no label assignment is implied.
1477,87143416,C,"Central Hawd Pastoral (South Mudug, Galgadud)",polygon,Polygon,SO1802,Galdogob,SO18,Mudug,0.236806,km2,0.011918,0.001097,boundary_sliver_preserved,True,False,Equal-area intersection in EPSG:6933; no label assignment is implied.
1478,87143416,C,Central Southern Inland Pastoral (Galgadud),polygon,Polygon,SO1904,Ceel Buur,SO19,Galgaduud,1510.537486,km2,11.311061,98.119625,polygon_overlap_multi_district,True,True,Equal-area intersection in EPSG:6933; no label assignment is implied.
1478,87143416,C,Central Southern Inland Pastoral (Galgadud),polygon,Polygon,SO1901,Dhuusamarreeb,SO19,Galgaduud,28.94811,km2,0.227928,1.880375,polygon_overlap_multi_district,True,True,Equal-area intersection in EPSG:6933; no label assignment is implied.
1481,87143416,C,Galgaduud  Urban IDPs (Cabudwaaq and Cadaado),idp,Point,SO1902,Cabudwaaq,SO19,Galgaduud,,,,,reference_point_within_district_not_area_mapping,True,False,District contains the supplied IPC reference point only; this does not prove that the IPC population or label belongs to that district.
1479,87143416,C,"Galgaduud Urban (Cabudwaaq, Cadaado, Ceel Buur and Ceel Dheer)",urb,Point,SO1904,Ceel Buur,SO19,Galgaduud,,,,,reference_point_within_district_not_area_mapping,True,False,District contains the supplied IPC reference point only; this does not prove that the IPC population or label belongs to that district.
1480,87143416,C,Galgaduud Urban (Dhuusamarreeb),urb,Point,SO1901,Dhuusamarreeb,SO19,Galgaduud,,,,,reference_point_within_district_not_area_mapping,True,False,District contains the supplied IPC reference point only; this does not prove that the IPC population or label belongs to that district.
1482,87143416,C,Galgaduud Urban IDPs (Dhuusamarreeb),idp,Point,SO1901,Dhuusamarreeb,SO19,Galgaduud,,,,,reference_point_within_district_not_area_mapping,True,False,District contains the supplied IPC reference point only; this does not prove that the IPC population or label belongs to that district.
1483,87143416,C,Gedo Riverine Pump Irrigation,polygon,Polygon,SO2404,Qansax Dheere,SO24,Bay,0.010013,km2,0.000307,0.000236,boundary_sliver_preserved,True,False,Equal-area intersection in EPSG:6933; no label assignment is implied.
1483,87143416,C,Gedo Riverine Pump Irrigation,polygon,Polygon,SO2602,Baardheere,SO26,Gedo,1671.137902,km2,10.942442,39.462581,polygon_overlap_multi_district,True,True,Equal-area intersection in EPSG:6933; no label assignment is implied.
1483,87143416,C,Gedo Riverine Pump Irrigation,polygon,Polygon,SO2605,Doolow,SO26,Gedo,513.762779,km2,31.723523,12.132096,polygon_overlap_multi_district,True,True,Equal-area intersection in EPSG:6933; no label assignment is implied.
1483,87143416,C,Gedo Riverine Pump Irrigation,polygon,Polygon,SO2601,Garbahaarey,SO26,Gedo,988.155018,km2,11.87131,23.334488,polygon_overlap_multi_district,True,True,Equal-area intersection in EPSG:6933; no label assignment is implied.
1483,87143416,C,Gedo Riverine Pump Irrigation,polygon,Polygon,SO2606,Luuq,SO26,Gedo,1061.601444,km2,12.84046,25.068867,polygon_overlap_multi_district,True,True,Equal-area intersection in EPSG:6933; no label assignment is implied.
1483,87143416,C,Gedo Riverine Pump Irrigation,polygon,Polygon,SO2703,Saakow,SO27,Middle Juba,4e-06,km2,0.0,0.0,boundary_sliver_preserved,True,False,Equal-area intersection in EPSG:6933; no label assignment is implied.
1484,87143416,C,Gedo Southern Agro-Pastoral,polygon,MultiPolygon,SO2505,Rab Dhuure,SO25,Bakool,0.067482,km2,0.002044,0.000647,boundary_sliver_preserved,True,False,Equal-area intersection in EPSG:6933; no label assignment is implied.
1484,87143416,C,Gedo Southern Agro-Pastoral,polygon,MultiPolygon,SO2504,Waajid,SO25,Bakool,0.023512,km2,0.000839,0.000226,boundary_sliver_preserved,True,False,Equal-area intersection in EPSG:6933; no label assignment is implied.
1484,87143416,C,Gedo Southern Agro-Pastoral,polygon,MultiPolygon,SO2404,Qansax Dheere,SO24,Bay,0.004404,km2,0.000135,4.2e-05,boundary_sliver_preserved,True,False,Equal-area intersection in EPSG:6933; no label assignment is implied.
1484,87143416,C,Gedo Southern Agro-Pastoral,polygon,MultiPolygon,SO2602,Baardheere,SO26,Gedo,2047.385499,km2,13.406073,19.642406,polygon_overlap_multi_district,True,True,Equal-area intersection in EPSG:6933; no label assignment is implied.
1484,87143416,C,Gedo Southern Agro-Pastoral,polygon,MultiPolygon,SO2603,Belet Xaawo,SO26,Gedo,261.372779,km2,6.869608,2.507584,polygon_overlap_multi_district,True,True,Equal-area intersection in EPSG:6933; no label assignment is implied.
1484,87143416,C,Gedo Southern Agro-Pastoral,polygon,MultiPolygon,SO2604,Ceel Waaq,SO26,Gedo,406.375138,km2,5.231046,3.898721,polygon_overlap_multi_district,True,True,Equal-area intersection in EPSG:6933; no label assignment is implied.
1484,87143416,C,Gedo Southern Agro-Pastoral,polygon,MultiPolygon,SO2605,Doolow,SO26,Gedo,851.716466,km2,52.59129,8.17128,polygon_overlap_multi_district,True,True,Equal-area intersection in EPSG:6933; no label assignment is implied.
1484,87143416,C,Gedo Southern Agro-Pastoral,polygon,MultiPolygon,SO2601,Garbahaarey,SO26,Gedo,2781.972629,km2,33.421536,26.68996,polygon_overlap_multi_district,True,True,Equal-area intersection in EPSG:6933; no label assignment is implied.
1484,87143416,C,Gedo Southern Agro-Pastoral,polygon,MultiPolygon,SO2606,Luuq,SO26,Gedo,4074.317628,km2,49.280372,39.088585,polygon_overlap_multi_district,True,True,Equal-area intersection in EPSG:6933; no label assignment is implied.
1484,87143416,C,Gedo Southern Agro-Pastoral,polygon,MultiPolygon,SO2703,Saakow,SO27,Middle Juba,4e-06,km2,0.0,0.0,boundary_sliver_preserved,True,False,Equal-area intersection in EPSG:6933; no label assignment is implied.
1485,87143416,C,Gedo Southern Inland Pastoral,polygon,MultiPolygon,SO2602,Baardheere,SO26,Gedo,10381.55885,km2,67.977399,35.68351,polygon_overlap_multi_district,True,True,Equal-area intersection in EPSG:6933; no label assignment is implied.
1485,87143416,C,Gedo Southern Inland Pastoral,polygon,MultiPolygon,SO2603,Belet Xaawo,SO26,Gedo,3543.347586,km2,93.12909,12.1792,polygon_overlap_multi_district,True,True,Equal-area intersection in EPSG:6933; no label assignment is implied.
1485,87143416,C,Gedo Southern Inland Pastoral,polygon,MultiPolygon,SO2604,Ceel Waaq,SO26,Gedo,7362.097068,km2,94.768266,25.305012,polygon_overlap_multi_district,True,True,Equal-area intersection in EPSG:6933; no label assignment is implied.
1485,87143416,C,Gedo Southern Inland Pastoral,polygon,MultiPolygon,SO2605,Doolow,SO26,Gedo,253.778121,km2,15.670143,0.872287,polygon_overlap_multi_district,True,True,Equal-area intersection in EPSG:6933; no label assignment is implied.
1485,87143416,C,Gedo Southern Inland Pastoral,polygon,MultiPolygon,SO2601,Garbahaarey,SO26,Gedo,4428.920585,km2,53.207327,15.223093,polygon_overlap_multi_district,True,True,Equal-area intersection in EPSG:6933; no label assignment is implied.
1485,87143416,C,Gedo Southern Inland Pastoral,polygon,MultiPolygon,SO2606,Luuq,SO26,Gedo,3119.62861,km2,37.733057,10.722792,polygon_overlap_multi_district,True,True,Equal-area intersection in EPSG:6933; no label assignment is implied.
1485,87143416,C,Gedo Southern Inland Pastoral,polygon,MultiPolygon,SO2802,Afmadow,SO28,Lower Juba,0.209409,km2,0.000783,0.00072,boundary_sliver_preserved,True,False,Equal-area intersection in EPSG:6933; no label assignment is implied.
1485,87143416,C,Gedo Southern Inland Pastoral,polygon,MultiPolygon,SO2703,Saakow,SO27,Middle Juba,0.06311,km2,0.000784,0.000217,boundary_sliver_preserved,True,False,Equal-area intersection in EPSG:6933; no label assignment is implied.
1486,87143416,C,"Gedo Urban (Baardheere, Belet Xaawo, Ceel Waaq, Garbahaarey and Luuq)",urb,Point,SO2602,Baardheere,SO26,Gedo,,,,,reference_point_within_district_not_area_mapping,True,False,District contains the supplied IPC reference point only; this does not prove that the IPC population or label belongs to that district.
1487,87143416,C,Gedo Urban (Doolow),urb,Point,SO2605,Doolow,SO26,Gedo,,,,,reference_point_within_district_not_area_mapping,True,False,District contains the supplied IPC reference point only; this does not prove that the IPC population or label belongs to that district.
1488,87143416,C,"Gedo Urban IDPs (Baardheere, Belet Xaawo, Ceel Waaq, Garbahaarey and Luuq)",idp,Point,SO2602,Baardheere,SO26,Gedo,,,,,reference_point_within_district_not_area_mapping,True,False,District contains the supplied IPC reference point only; this does not prove that the IPC population or label belongs to that district.
1489,87143416,C,Gedo Urban IDPs (Doolow),idp,Point,SO2605,Doolow,SO26,Gedo,,,,,reference_point_within_district_not_area_mapping,True,False,District contains the supplied IPC reference point only; this does not prove that the IPC population or label belongs to that district.
1490,87143416,C,Hiraan Cowpea Belt (Bulo Burto),polygon,MultiPolygon,SO1904,Ceel Buur,SO19,Galgaduud,0.055867,km2,0.000418,0.012698,polygon_overlap_multi_district,True,True,Equal-area intersection in EPSG:6933; no label assignment is implied.
1490,87143416,C,Hiraan Cowpea Belt (Bulo Burto),polygon,MultiPolygon,SO1905,Ceel Dheer,SO19,Galgaduud,8.404464,km2,0.081073,1.910285,polygon_overlap_multi_district,True,True,Equal-area intersection in EPSG:6933; no label assignment is implied.
1490,87143416,C,Hiraan Cowpea Belt (Bulo Burto),polygon,MultiPolygon,SO2002,Bulo Burto,SO20,Hiraan,431.48838,km2,2.688927,98.074782,polygon_overlap_multi_district,True,True,Equal-area intersection in EPSG:6933; no label assignment is implied.
1490,87143416,C,Hiraan Cowpea Belt (Bulo Burto),polygon,MultiPolygon,SO2003,Jalalaqsi,SO20,Hiraan,0.00671,km2,0.000215,0.001525,boundary_sliver_preserved,True,False,Equal-area intersection in EPSG:6933; no label assignment is implied.
1490,87143416,C,Hiraan Cowpea Belt (Bulo Burto),polygon,MultiPolygon,SO2104,Cadale,SO21,Middle Shabelle,0.003097,km2,5.3e-05,0.000704,boundary_sliver_preserved,True,False,Equal-area intersection in EPSG:6933; no label assignment is implied.
1490,87143416,C,Hiraan Cowpea Belt (Bulo Burto),polygon,MultiPolygon,SO2101,Jowhar,SO21,Middle Shabelle,2.5e-05,km2,1e-06,6e-06,boundary_sliver_preserved,True,False,Equal-area intersection in EPSG:6933; no label assignment is implied.
1491,87143416,C,Hiraan Hawd Pastoral,polygon,Polygon,SO1902,Cabudwaaq,SO19,Galgaduud,1.031504,km2,0.016097,0.015347,polygon_overlap_multi_district,True,True,Equal-area intersection in EPSG:6933; no label assignment is implied.
1491,87143416,C,Hiraan Hawd Pastoral,polygon,Polygon,SO1904,Ceel Buur,SO19,Galgaduud,0.351294,km2,0.002631,0.005227,boundary_sliver_preserved,True,False,Equal-area intersection in EPSG:6933; no label assignment is implied.
1491,87143416,C,Hiraan Hawd Pastoral,polygon,Polygon,SO1901,Dhuusamarreeb,SO19,Galgaduud,0.749243,km2,0.005899,0.011148,polygon_overlap_multi_district,True,True,Equal-area intersection in EPSG:6933; no label assignment is implied.
1491,87143416,C,Hiraan Hawd Pastoral,polygon,Polygon,SO2001,Belet Weyne,SO20,Hiraan,6067.395667,km2,41.319872,90.274477,polygon_overlap_multi_district,True,True,Equal-area intersection in EPSG:6933; no label assignment is implied.
1491,87143416,C,Hiraan Hawd Pastoral,polygon,Polygon,SO2002,Bulo Burto,SO20,Hiraan,238.492473,km2,1.486225,3.548439,polygon_overlap_multi_district,True,True,Equal-area intersection in EPSG:6933; no label assignment is implied.
1492,87143416,C,Hiraan Riverine Pump and Gravity Irrigation,polygon,Polygon,SO2001,Belet Weyne,SO20,Hiraan,575.84344,km2,3.92158,24.930794,polygon_overlap_multi_district,True,True,Equal-area intersection in EPSG:6933; no label assignment is implied.
1492,87143416,C,Hiraan Riverine Pump and Gravity Irrigation,polygon,Polygon,SO2002,Bulo Burto,SO20,Hiraan,1212.126939,km2,7.55367,52.478303,polygon_overlap_multi_district,True,True,Equal-area intersection in EPSG:6933; no label assignment is implied.
1492,87143416,C,Hiraan Riverine Pump and Gravity Irrigation,polygon,Polygon,SO2003,Jalalaqsi,SO20,Hiraan,503.370196,km2,16.119774,21.793108,polygon_overlap_multi_district,True,True,Equal-area intersection in EPSG:6933; no label assignment is implied.
1492,87143416,C,Hiraan Riverine Pump and Gravity Irrigation,polygon,Polygon,SO2101,Jowhar,SO21,Middle Shabelle,0.079215,km2,0.001709,0.00343,boundary_sliver_preserved,True,False,Equal-area intersection in EPSG:6933; no label assignment is implied.
1493,87143416,C,Hiraan Southern Agro-Pastoral,polygon,MultiPolygon,SO2001,Belet Weyne,SO20,Hiraan,1398.206132,km2,9.521993,25.99635,polygon_overlap_multi_district,True,True,Equal-area intersection in EPSG:6933; no label assignment is implied.
1493,87143416,C,Hiraan Southern Agro-Pastoral,polygon,MultiPolygon,SO2002,Bulo Burto,SO20,Hiraan,2942.146987,km2,18.334718,54.702293,polygon_overlap_multi_district,True,True,Equal-area intersection in EPSG:6933; no label assignment is implied.
1493,87143416,C,Hiraan Southern Agro-Pastoral,polygon,MultiPolygon,SO2003,Jalalaqsi,SO20,Hiraan,1012.245728,km2,32.41585,18.820325,polygon_overlap_multi_district,True,True,Equal-area intersection in EPSG:6933; no label assignment is implied.
1493,87143416,C,Hiraan Southern Agro-Pastoral,polygon,MultiPolygon,SO2101,Jowhar,SO21,Middle Shabelle,0.248631,km2,0.005363,0.004623,boundary_sliver_preserved,True,False,Equal-area intersection in EPSG:6933; no label assignment is implied.
1494,87143416,C,Hiraan Southern Inland Pastoral,polygon,MultiPolygon,SO2502,Ceel Barde,SO25,Bakool,0.301885,km2,0.003938,0.001543,boundary_sliver_preserved,True,False,Equal-area intersection in EPSG:6933; no label assignment is implied.
1494,87143416,C,Hiraan Southern Inland Pastoral,polygon,MultiPolygon,SO2503,Tayeeglow,SO25,Bakool,0.085183,km2,0.001292,0.000435,boundary_sliver_preserved,True,False,Equal-area intersection in EPSG:6933; no label assignment is implied.
1494,87143416,C,Hiraan Southern Inland Pastoral,polygon,MultiPolygon,SO1904,Ceel Buur,SO19,Galgaduud,0.443298,km2,0.003319,0.002266,boundary_sliver_preserved,True,False,Equal-area intersection in EPSG:6933; no label assignment is implied.
1494,87143416,C,Hiraan Southern Inland Pastoral,polygon,MultiPolygon,SO2001,Belet Weyne,SO20,Hiraan,6642.176086,km2,45.234213,33.949889,polygon_overlap_multi_district,True,True,Equal-area intersection in EPSG:6933; no label assignment is implied.
1494,87143416,C,Hiraan Southern Inland Pastoral,polygon,MultiPolygon,SO2002,Bulo Burto,SO20,Hiraan,11217.544345,km2,69.904909,57.335786,polygon_overlap_multi_district,True,True,Equal-area intersection in EPSG:6933; no label assignment is implied.
1494,87143416,C,Hiraan Southern Inland Pastoral,polygon,MultiPolygon,SO2003,Jalalaqsi,SO20,Hiraan,1606.455089,km2,51.44463,8.21101,polygon_overlap_multi_district,True,True,Equal-area intersection in EPSG:6933; no label assignment is implied.
1494,87143416,C,Hiraan Southern Inland Pastoral,polygon,MultiPolygon,SO2307,Wanla Weyn,SO23,Lower Shabelle,0.041401,km2,0.000725,0.000212,boundary_sliver_preserved,True,False,Equal-area intersection in EPSG:6933; no label assignment is implied.
1494,87143416,C,Hiraan Southern Inland Pastoral,polygon,MultiPolygon,SO2102,Adan Yabaal,SO21,Middle Shabelle,0.004193,km2,0.000105,2.1e-05,boundary_sliver_preserved,True,False,Equal-area intersection in EPSG:6933; no label assignment is implied.
1494,87143416,C,Hiraan Southern Inland Pastoral,polygon,MultiPolygon,SO2104,Cadale,SO21,Middle Shabelle,0.057412,km2,0.000986,0.000293,boundary_sliver_preserved,True,False,Equal-area intersection in EPSG:6933; no label assignment is implied.
1494,87143416,C,Hiraan Southern Inland Pastoral,polygon,MultiPolygon,SO2101,Jowhar,SO21,Middle Shabelle,0.025343,km2,0.000547,0.00013,boundary_sliver_preserved,True,False,Equal-area intersection in EPSG:6933; no label assignment is implied.
1495,87143416,C,Hiraan Urban (Belet Weyne),urb,Point,SO2001,Belet Weyne,SO20,Hiraan,,,,,reference_point_within_district_not_area_mapping,True,False,District contains the supplied IPC reference point only; this does not prove that the IPC population or label belongs to that district.
1496,87143416,C,Hiraan Urban (Bulo Burto and Jalalaqsi),urb,Point,SO2002,Bulo Burto,SO20,Hiraan,,,,,reference_point_within_district_not_area_mapping,True,False,District contains the supplied IPC reference point only; this does not prove that the IPC population or label belongs to that district.
1497,87143416,C,Hiraan Urban IDPs (Belet Weyne),idp,Point,SO2001,Belet Weyne,SO20,Hiraan,,,,,reference_point_within_district_not_area_mapping,True,False,District contains the supplied IPC reference point only; this does not prove that the IPC population or label belongs to that district.
1498,87143416,C,Hiraan Urban IDPs (Bulo Burto and Jalalaqsi),idp,Point,SO2002,Bulo Burto,SO20,Hiraan,,,,,reference_point_within_district_not_area_mapping,True,False,District contains the supplied IPC reference point only; this does not prove that the IPC population or label belongs to that district.
1499,87143416,C,Juba Pastoral (M Juba and L Juba),polygon,MultiPolygon,SO2802,Afmadow,SO28,Lower Juba,12873.30892,km2,48.111121,48.265235,polygon_overlap_multi_district,True,True,Equal-area intersection in EPSG:6933; no label assignment is implied.
1499,87143416,C,Juba Pastoral (M Juba and L Juba),polygon,MultiPolygon,SO2803,Badhaadhe,SO28,Lower Juba,6215.737733,km2,63.676091,23.304346,polygon_overlap_multi_district,True,True,Equal-area intersection in EPSG:6933; no label assignment is implied.
1499,87143416,C,Juba Pastoral (M Juba and L Juba),polygon,MultiPolygon,SO2804,Jamaame,SO28,Lower Juba,2.019638,km2,0.093982,0.007572,boundary_sliver_preserved,True,False,Equal-area intersection in EPSG:6933; no label assignment is implied.
1499,87143416,C,Juba Pastoral (M Juba and L Juba),polygon,MultiPolygon,SO2801,Kismaayo,SO28,Lower Juba,3349.004855,km2,36.341855,12.556252,polygon_overlap_multi_district,True,True,Equal-area intersection in EPSG:6933; no label assignment is implied.
1499,87143416,C,Juba Pastoral (M Juba and L Juba),polygon,MultiPolygon,SO2306,Sablaale,SO23,Lower Shabelle,0.195793,km2,0.003268,0.000734,boundary_sliver_preserved,True,False,Equal-area intersection in EPSG:6933; no label assignment is implied.
1499,87143416,C,Juba Pastoral (M Juba and L Juba),polygon,MultiPolygon,SO2701,Bu'aale,SO27,Middle Juba,2701.586979,km2,49.20933,10.128921,polygon_overlap_multi_district,True,True,Equal-area intersection in EPSG:6933; no label assignment is implied.
1499,87143416,C,Juba Pastoral (M Juba and L Juba),polygon,MultiPolygon,SO2702,Jilib,SO27,Middle Juba,1530.157284,km2,29.142986,5.73694,polygon_overlap_multi_district,True,True,Equal-area intersection in EPSG:6933; no label assignment is implied.
1500,87143416,C,Juba Riverine Gravity Irrigation (L Juba & M Juba),polygon,MultiPolygon,SO2802,Afmadow,SO28,Lower Juba,1139.3665,km2,4.258128,23.185354,polygon_overlap_multi_district,True,True,Equal-area intersection in EPSG:6933; no label assignment is implied.
1500,87143416,C,Juba Riverine Gravity Irrigation (L Juba & M Juba),polygon,MultiPolygon,SO2804,Jamaame,SO28,Lower Juba,1286.947331,km2,59.887141,26.188526,polygon_overlap_multi_district,True,True,Equal-area intersection in EPSG:6933; no label assignment is implied.
1500,87143416,C,Juba Riverine Gravity Irrigation (L Juba & M Juba),polygon,MultiPolygon,SO2801,Kismaayo,SO28,Lower Juba,432.641301,km2,4.694824,8.803964,polygon_overlap_multi_district,True,True,Equal-area intersection in EPSG:6933; no label assignment is implied.
1500,87143416,C,Juba Riverine Gravity Irrigation (L Juba & M Juba),polygon,MultiPolygon,SO2303,Baraawe,SO23,Lower Shabelle,0.327506,km2,0.009974,0.006665,boundary_sliver_preserved,True,False,Equal-area intersection in EPSG:6933; no label assignment is implied.
1500,87143416,C,Juba Riverine Gravity Irrigation (L Juba & M Juba),polygon,MultiPolygon,SO2701,Bu'aale,SO27,Middle Juba,494.665853,km2,9.010324,10.066123,polygon_overlap_multi_district,True,True,Equal-area intersection in EPSG:6933; no label assignment is implied.
1500,87143416,C,Juba Riverine Gravity Irrigation (L Juba & M Juba),polygon,MultiPolygon,SO2702,Jilib,SO27,Middle Juba,1560.211196,km2,29.715385,31.749265,polygon_overlap_multi_district,True,True,Equal-area intersection in EPSG:6933; no label assignment is implied.
1501,87143416,C,Juba Riverine Pump and Gravity Irrigation (M Juba),polygon,Polygon,SO2602,Baardheere,SO26,Gedo,0.047802,km2,0.000313,0.003438,boundary_sliver_preserved,True,False,Equal-area intersection in EPSG:6933; no label assignment is implied.
1501,87143416,C,Juba Riverine Pump and Gravity Irrigation (M Juba),polygon,Polygon,SO2802,Afmadow,SO28,Lower Juba,1.539598,km2,0.005754,0.110716,polygon_overlap_multi_district,True,True,Equal-area intersection in EPSG:6933; no label assignment is implied.
1501,87143416,C,Juba Riverine Pump and Gravity Irrigation (M Juba),polygon,Polygon,SO2701,Bu'aale,SO27,Middle Juba,618.045667,km2,11.257684,44.445096,polygon_overlap_multi_district,True,True,Equal-area intersection in EPSG:6933; no label assignment is implied.
1501,87143416,C,Juba Riverine Pump and Gravity Irrigation (M Juba),polygon,Polygon,SO2703,Saakow,SO27,Middle Juba,770.949305,km2,9.576437,55.440751,polygon_overlap_multi_district,True,True,Equal-area intersection in EPSG:6933; no label assignment is implied.
1502,87143416,C,Juba Sorghum High Potential Agropastoral (M Juba),polygon,Polygon,SO2403,Diinsoor,SO24,Bay,0.445381,km2,0.004577,0.017719,polygon_overlap_multi_district,True,True,Equal-area intersection in EPSG:6933; no label assignment is implied.
1502,87143416,C,Juba Sorghum High Potential Agropastoral (M Juba),polygon,Polygon,SO2602,Baardheere,SO26,Gedo,0.020947,km2,0.000137,0.000833,boundary_sliver_preserved,True,False,Equal-area intersection in EPSG:6933; no label assignment is implied.
1502,87143416,C,Juba Sorghum High Potential Agropastoral (M Juba),polygon,Polygon,SO2306,Sablaale,SO23,Lower Shabelle,0.008098,km2,0.000135,0.000322,boundary_sliver_preserved,True,False,Equal-area intersection in EPSG:6933; no label assignment is implied.
1502,87143416,C,Juba Sorghum High Potential Agropastoral (M Juba),polygon,Polygon,SO2701,Bu'aale,SO27,Middle Juba,1140.932172,km2,20.782047,45.39046,polygon_overlap_multi_district,True,True,Equal-area intersection in EPSG:6933; no label assignment is implied.
1502,87143416,C,Juba Sorghum High Potential Agropastoral (M Juba),polygon,Polygon,SO2703,Saakow,SO27,Middle Juba,1372.188027,km2,17.044794,54.590665,polygon_overlap_multi_district,True,True,Equal-area intersection in EPSG:6933; no label assignment is implied.
1503,87143416,C,Juba Southern Agro-Pastoral (M Juba and L Juba),polygon,Polygon,SO2602,Baardheere,SO26,Gedo,0.063241,km2,0.000414,0.001466,boundary_sliver_preserved,True,False,Equal-area intersection in EPSG:6933; no label assignment is implied.
1503,87143416,C,Juba Southern Agro-Pastoral (M Juba and L Juba),polygon,Polygon,SO2802,Afmadow,SO28,Lower Juba,2683.222943,km2,10.027947,62.203178,polygon_overlap_multi_district,True,True,Equal-area intersection in EPSG:6933; no label assignment is implied.
1503,87143416,C,Juba Southern Agro-Pastoral (M Juba and L Juba),polygon,Polygon,SO2701,Bu'aale,SO27,Middle Juba,523.342087,km2,9.532661,12.132253,polygon_overlap_multi_district,True,True,Equal-area intersection in EPSG:6933; no label assignment is implied.
1503,87143416,C,Juba Southern Agro-Pastoral (M Juba and L Juba),polygon,Polygon,SO2703,Saakow,SO27,Middle Juba,1107.014603,km2,13.750911,25.663103,polygon_overlap_multi_district,True,True,Equal-area intersection in EPSG:6933; no label assignment is implied.
1504,87143416,C,Juba Southern Inland Pastoral (M Juba and L Juba),polygon,MultiPolygon,SO2602,Baardheere,SO26,Gedo,0.264072,km2,0.001729,0.001343,boundary_sliver_preserved,True,False,Equal-area intersection in EPSG:6933; no label assignment is implied.
1504,87143416,C,Juba Southern Inland Pastoral (M Juba and L Juba),polygon,MultiPolygon,SO2802,Afmadow,SO28,Lower Juba,10048.825315,km2,37.555244,51.117895,polygon_overlap_multi_district,True,True,Equal-area intersection in EPSG:6933; no label assignment is implied.
1504,87143416,C,Juba Southern Inland Pastoral (M Juba and L Juba),polygon,MultiPolygon,SO2803,Badhaadhe,SO28,Lower Juba,1492.045115,km2,15.285008,7.589962,polygon_overlap_multi_district,True,True,Equal-area intersection in EPSG:6933; no label assignment is implied.
1504,87143416,C,Juba Southern Inland Pastoral (M Juba and L Juba),polygon,MultiPolygon,SO2801,Kismaayo,SO28,Lower Juba,3081.862095,km2,33.442945,15.677285,polygon_overlap_multi_district,True,True,Equal-area intersection in EPSG:6933; no label assignment is implied.
1504,87143416,C,Juba Southern Inland Pastoral (M Juba and L Juba),polygon,MultiPolygon,SO2306,Sablaale,SO23,Lower Shabelle,0.040046,km2,0.000668,0.000204,boundary_sliver_preserved,True,False,Equal-area intersection in EPSG:6933; no label assignment is implied.
1504,87143416,C,Juba Southern Inland Pastoral (M Juba and L Juba),polygon,MultiPolygon,SO2701,Bu'aale,SO27,Middle Juba,11.40083,km2,0.207666,0.057995,polygon_overlap_multi_district,True,True,Equal-area intersection in EPSG:6933; no label assignment is implied.
1504,87143416,C,Juba Southern Inland Pastoral (M Juba and L Juba),polygon,MultiPolygon,SO2702,Jilib,SO27,Middle Juba,225.176133,km2,4.288647,1.14546,polygon_overlap_multi_district,True,True,Equal-area intersection in EPSG:6933; no label assignment is implied.
1504,87143416,C,Juba Southern Inland Pastoral (M Juba and L Juba),polygon,MultiPolygon,SO2703,Saakow,SO27,Middle Juba,4796.758044,km2,59.58349,24.400879,polygon_overlap_multi_district,True,True,Equal-area intersection in EPSG:6933; no label assignment is implied.
1505,87143416,C,Juba Southern Rainfed (M Juba and L Juba),polygon,MultiPolygon,SO2803,Badhaadhe,SO28,Lower Juba,1942.148194,km2,19.896014,27.391079,polygon_overlap_multi_district,True,True,Equal-area intersection in EPSG:6933; no label assignment is implied.
1505,87143416,C,Juba Southern Rainfed (M Juba and L Juba),polygon,MultiPolygon,SO2804,Jamaame,SO28,Lower Juba,859.884641,km2,40.014095,12.127379,polygon_overlap_multi_district,True,True,Equal-area intersection in EPSG:6933; no label assignment is implied.
1505,87143416,C,Juba Southern Rainfed (M Juba and L Juba),polygon,MultiPolygon,SO2801,Kismaayo,SO28,Lower Juba,2347.530913,km2,25.474322,33.108392,polygon_overlap_multi_district,True,True,Equal-area intersection in EPSG:6933; no label assignment is implied.
1505,87143416,C,Juba Southern Rainfed (M Juba and L Juba),polygon,MultiPolygon,SO2303,Baraawe,SO23,Lower Shabelle,0.09645,km2,0.002937,0.00136,boundary_sliver_preserved,True,False,Equal-area intersection in EPSG:6933; no label assignment is implied.
1505,87143416,C,Juba Southern Rainfed (M Juba and L Juba),polygon,MultiPolygon,SO2702,Jilib,SO27,Middle Juba,1934.41711,km2,36.842416,27.282043,polygon_overlap_multi_district,True,True,Equal-area intersection in EPSG:6933; no label assignment is implied.
1506,87143416,C,"Lower Juba Urban (Afmadow, Badhaadhe and Jamaame)",urb,Point,SO2802,Afmadow,SO28,Lower Juba,,,,,reference_point_within_district_not_area_mapping,True,False,District contains the supplied IPC reference point only; this does not prove that the IPC population or label belongs to that district.
1509,87143416,C,Lower Juba Urban (Kismaayo),urb,Point,SO2801,Kismaayo,SO28,Lower Juba,,,,,reference_point_within_district_not_area_mapping,True,False,District contains the supplied IPC reference point only; this does not prove that the IPC population or label belongs to that district.
1507,87143416,C,Lower Juba Urban IDPs (Afmadow and Jamaame),idp,Point,SO2802,Afmadow,SO28,Lower Juba,,,,,reference_point_within_district_not_area_mapping,True,False,District contains the supplied IPC reference point only; this does not prove that the IPC population or label belongs to that district.
1508,87143416,C,Lower Juba Urban IDPs (Kismaayo),idp,Point,SO2801,Kismaayo,SO28,Lower Juba,,,,,reference_point_within_district_not_area_mapping,True,False,District contains the supplied IPC reference point only; this does not prove that the IPC population or label belongs to that district.
1510,87143416,C,"Lower Shabelle Urban (Afgooye, Baraawe, Kurtunwaarey, Marka, Qoryooley, Sablaale and Wanla Weyn)",urb,Point,SO2305,Qoryooley,SO23,Lower Shabelle,,,,,reference_point_within_district_not_area_mapping,True,False,District contains the supplied IPC reference point only; this does not prove that the IPC population or label belongs to that district.
1511,87143416,C,"Lower Shabelle Urban IDPs (Afgooye, Baraawe, Marka and Wanla Weyn)",idp,Point,SO2305,Qoryooley,SO23,Lower Shabelle,,,,,reference_point_within_district_not_area_mapping,True,False,District contains the supplied IPC reference point only; this does not prove that the IPC population or label belongs to that district.
1512,87143416,C,"Middle Juba Urban (Bu'aale, Jilib and Saakow)",urb,Point,SO2701,Bu'aale,SO27,Middle Juba,,,,,reference_point_within_district_not_area_mapping,True,False,District contains the supplied IPC reference point only; this does not prove that the IPC population or label belongs to that district.
1513,87143416,C,"Middle Shabelle Urban (Adan Yabaal, Balcad, Cadale and Jowhar)",urb,Point,SO2104,Cadale,SO21,Middle Shabelle,,,,,reference_point_within_district_not_area_mapping,True,False,District contains the supplied IPC reference point only; this does not prove that the IPC population or label belongs to that district.
1514,87143416,C,"Middle Shabelle Urban IDPs (Adan Yabaal, Balcad, Cadale and Jowhar)",idp,Point,SO2101,Jowhar,SO21,Middle Shabelle,,,,,reference_point_within_district_not_area_mapping,True,False,District contains the supplied IPC reference point only; this does not prove that the IPC population or label belongs to that district.
1515,87143416,C,Mudug Urban (Gaalkacyo),urb,Point,SO1801,Gaalkacyo,SO18,Mudug,,,,,reference_point_within_district_not_area_mapping,True,False,District contains the supplied IPC reference point only; this does not prove that the IPC population or label belongs to that district.
1516,87143416,C,"Mudug Urban (Galdogob, Hobyo, Jariiban and Xarardheere)",urb,Point,SO1803,Hobyo,SO18,Mudug,,,,,reference_point_within_district_not_area_mapping,True,False,District contains the supplied IPC reference point only; this does not prove that the IPC population or label belongs to that district.
1517,87143416,C,Mudug Urban IDPs (Gaalkacyo),idp,Point,SO1801,Gaalkacyo,SO18,Mudug,,,,,reference_point_within_district_not_area_mapping,True,False,District contains the supplied IPC reference point only; this does not prove that the IPC population or label belongs to that district.
1518,87143416,C,"Mudug Urban IDPs (Galdogob, Hobyo, and Jariiban)",idp,Point,SO1803,Hobyo,SO18,Mudug,,,,,reference_point_within_district_not_area_mapping,True,False,District contains the supplied IPC reference point only; this does not prove that the IPC population or label belongs to that district.
1519,87143416,C,"NE Addun pastoral (Mudug, Nugaal)",polygon,MultiPolygon,SO1801,Gaalkacyo,SO18,Mudug,3290.576326,km2,21.609585,24.960919,polygon_overlap_multi_district,True,True,Equal-area intersection in EPSG:6933; no label assignment is implied.
1519,87143416,C,"NE Addun pastoral (Mudug, Nugaal)",polygon,MultiPolygon,SO1803,Hobyo,SO18,Mudug,0.007661,km2,3e-05,5.8e-05,boundary_sliver_preserved,True,False,Equal-area intersection in EPSG:6933; no label assignment is implied.
1519,87143416,C,"NE Addun pastoral (Mudug, Nugaal)",polygon,MultiPolygon,SO1804,Jariiban,SO18,Mudug,8532.142335,km2,78.083623,64.72122,polygon_overlap_multi_district,True,True,Equal-area intersection in EPSG:6933; no label assignment is implied.
1519,87143416,C,"NE Addun pastoral (Mudug, Nugaal)",polygon,MultiPolygon,SO1703,Eyl,SO17,Nugaal,1360.187003,km2,14.61214,10.317803,polygon_overlap_multi_district,True,True,Equal-area intersection in EPSG:6933; no label assignment is implied.
1520,87143416,C,"NE Coastal Deeh Pastoral (Bari, Mudug and Nugal)",polygon,Polygon,SO1602,Bandarbeyla,SO16,Bari,1961.392809,km2,17.372601,25.796002,polygon_overlap_multi_district,True,True,Equal-area intersection in EPSG:6933; no label assignment is implied.
1520,87143416,C,"NE Coastal Deeh Pastoral (Bari, Mudug and Nugal)",polygon,Polygon,SO1604,Iskushuban,SO16,Bari,1267.120279,km2,6.905399,16.665013,polygon_overlap_multi_district,True,True,Equal-area intersection in EPSG:6933; no label assignment is implied.
1520,87143416,C,"NE Coastal Deeh Pastoral (Bari, Mudug and Nugal)",polygon,Polygon,SO1606,Qardho,SO16,Bari,1.562139,km2,0.008384,0.020545,polygon_overlap_multi_district,True,True,Equal-area intersection in EPSG:6933; no label assignment is implied.
1520,87143416,C,"NE Coastal Deeh Pastoral (Bari, Mudug and Nugal)",polygon,Polygon,SO1803,Hobyo,SO18,Mudug,0.001836,km2,7e-06,2.4e-05,boundary_sliver_preserved,True,False,Equal-area intersection in EPSG:6933; no label assignment is implied.
1520,87143416,C,"NE Coastal Deeh Pastoral (Bari, Mudug and Nugal)",polygon,Polygon,SO1804,Jariiban,SO18,Mudug,1933.758974,km2,17.697186,25.432565,polygon_overlap_multi_district,True,True,Equal-area intersection in EPSG:6933; no label assignment is implied.
1520,87143416,C,"NE Coastal Deeh Pastoral (Bari, Mudug and Nugal)",polygon,Polygon,SO1703,Eyl,SO17,Nugaal,2438.244241,km2,26.193431,32.067495,polygon_overlap_multi_district,True,True,Equal-area intersection in EPSG:6933; no label assignment is implied.
1521,87143416,C,NE East Golis Pastoral (Bari),polygon,Polygon,SO1601,Bossaso,SO16,Bari,5499.22816,km2,69.79657,22.358169,polygon_overlap_multi_district,True,True,Equal-area intersection in EPSG:6933; no label assignment is implied.
1521,87143416,C,NE East Golis Pastoral (Bari),polygon,Polygon,SO1603,Caluula,SO16,Bari,4529.177179,km2,99.995857,18.41424,polygon_overlap_multi_district,True,True,Equal-area intersection in EPSG:6933; no label assignment is implied.
1521,87143416,C,NE East Golis Pastoral (Bari),polygon,Polygon,SO1604,Iskushuban,SO16,Bari,7848.529469,km2,42.771969,31.909705,polygon_overlap_multi_district,True,True,Equal-area intersection in EPSG:6933; no label assignment is implied.
1521,87143416,C,NE East Golis Pastoral (Bari),polygon,Polygon,SO1605,Qandala,SO16,Bari,6717.480946,km2,90.810018,27.31121,polygon_overlap_multi_district,True,True,Equal-area intersection in EPSG:6933; no label assignment is implied.
1521,87143416,C,NE East Golis Pastoral (Bari),polygon,Polygon,SO1503,Laasqoray,SO15,Sanaag,0.08292,km2,0.000681,0.000337,boundary_sliver_preserved,True,False,Equal-area intersection in EPSG:6933; no label assignment is implied.
1522,87143416,C,NE Hawd Pastoral (North Mudug and Nugaal),polygon,Polygon,SO1801,Gaalkacyo,SO18,Mudug,5485.478086,km2,36.023752,25.583547,polygon_overlap_multi_district,True,True,Equal-area intersection in EPSG:6933; no label assignment is implied.
1522,87143416,C,NE Hawd Pastoral (North Mudug and Nugaal),polygon,Polygon,SO1802,Galdogob,SO18,Mudug,1986.717708,km2,99.988082,9.26579,polygon_overlap_multi_district,True,True,Equal-area intersection in EPSG:6933; no label assignment is implied.
1522,87143416,C,NE Hawd Pastoral (North Mudug and Nugaal),polygon,Polygon,SO1804,Jariiban,SO18,Mudug,460.405641,km2,4.213495,2.147271,polygon_overlap_multi_district,True,True,Equal-area intersection in EPSG:6933; no label assignment is implied.
1522,87143416,C,NE Hawd Pastoral (North Mudug and Nugaal),polygon,Polygon,SO1702,Burtinle,SO17,Nugaal,9664.328134,km2,99.994508,45.073153,polygon_overlap_multi_district,True,True,Equal-area intersection in EPSG:6933; no label assignment is implied.
1522,87143416,C,NE Hawd Pastoral (North Mudug and Nugaal),polygon,Polygon,SO1703,Eyl,SO17,Nugaal,1913.349718,km2,20.554624,8.923611,polygon_overlap_multi_district,True,True,Equal-area intersection in EPSG:6933; no label assignment is implied.
1522,87143416,C,NE Hawd Pastoral (North Mudug and Nugaal),polygon,Polygon,SO1701,Garoowe,SO17,Nugaal,1633.15166,km2,19.00188,7.616804,polygon_overlap_multi_district,True,True,Equal-area intersection in EPSG:6933; no label assignment is implied.
1523,87143416,C,NE Northern Inland Pastoral (Bari and Nugaal),polygon,Polygon,SO1602,Bandarbeyla,SO16,Bari,9328.597489,km2,82.625981,18.360234,polygon_overlap_multi_district,True,True,Equal-area intersection in EPSG:6933; no label assignment is implied.
1523,87143416,C,NE Northern Inland Pastoral (Bari and Nugaal),polygon,Polygon,SO1601,Bossaso,SO16,Bari,2379.602579,km2,30.202074,4.683454,polygon_overlap_multi_district,True,True,Equal-area intersection in EPSG:6933; no label assignment is implied.
1523,87143416,C,NE Northern Inland Pastoral (Bari and Nugaal),polygon,Polygon,SO1604,Iskushuban,SO16,Bari,9233.795024,km2,50.321222,18.173647,polygon_overlap_multi_district,True,True,Equal-area intersection in EPSG:6933; no label assignment is implied.
1523,87143416,C,NE Northern Inland Pastoral (Bari and Nugaal),polygon,Polygon,SO1605,Qandala,SO16,Bari,679.708699,km2,9.188617,1.33778,polygon_overlap_multi_district,True,True,Equal-area intersection in EPSG:6933; no label assignment is implied.
1523,87143416,C,NE Northern Inland Pastoral (Bari and Nugaal),polygon,Polygon,SO1606,Qardho,SO16,Bari,18629.675482,km2,99.989768,36.666305,polygon_overlap_multi_district,True,True,Equal-area intersection in EPSG:6933; no label assignment is implied.
1523,87143416,C,NE Northern Inland Pastoral (Bari and Nugaal),polygon,Polygon,SO1703,Eyl,SO17,Nugaal,3596.748452,km2,38.638945,7.079,polygon_overlap_multi_district,True,True,Equal-area intersection in EPSG:6933; no label assignment is implied.
1523,87143416,C,NE Northern Inland Pastoral (Bari and Nugaal),polygon,Polygon,SO1701,Garoowe,SO17,Nugaal,6960.388829,km2,80.984806,13.699205,polygon_overlap_multi_district,True,True,Equal-area intersection in EPSG:6933; no label assignment is implied.
1523,87143416,C,NE Northern Inland Pastoral (Bari and Nugaal),polygon,Polygon,SO1503,Laasqoray,SO15,Sanaag,0.05664,km2,0.000465,0.000111,boundary_sliver_preserved,True,False,Equal-area intersection in EPSG:6933; no label assignment is implied.
1523,87143416,C,NE Northern Inland Pastoral (Bari and Nugaal),polygon,Polygon,SO1401,Laas Caanood,SO14,Sool,0.0,km2,0.0,0.0,boundary_sliver_preserved,True,False,Equal-area intersection in EPSG:6933; no label assignment is implied.
1523,87143416,C,NE Northern Inland Pastoral (Bari and Nugaal),polygon,Polygon,SO1403,Taleex,SO14,Sool,0.133469,km2,0.001554,0.000263,boundary_sliver_preserved,True,False,Equal-area intersection in EPSG:6933; no label assignment is implied.
1528,87143416,C,NW East Golis Pastoral (Sanaag),polygon,Polygon,SO1601,Bossaso,SO16,Bari,0.014564,km2,0.000185,7.2e-05,boundary_sliver_preserved,True,False,Equal-area intersection in EPSG:6933; no label assignment is implied.
1528,87143416,C,NW East Golis Pastoral (Sanaag),polygon,Polygon,SO1502,Ceel Afweyn,SO15,Sanaag,6201.190255,km2,39.571438,30.716931,polygon_overlap_multi_district,True,True,Equal-area intersection in EPSG:6933; no label assignment is implied.
1528,87143416,C,NW East Golis Pastoral (Sanaag),polygon,Polygon,SO1501,Ceerigaabo,SO15,Sanaag,8037.823125,km2,30.954512,39.814495,polygon_overlap_multi_district,True,True,Equal-area intersection in EPSG:6933; no label assignment is implied.
1528,87143416,C,NW East Golis Pastoral (Sanaag),polygon,Polygon,SO1503,Laasqoray,SO15,Sanaag,5948.813258,km2,48.868593,29.466809,polygon_overlap_multi_district,True,True,Equal-area intersection in EPSG:6933; no label assignment is implied.
1529,87143416,C,"NW Guban Pastoral (Awdal, Sanaag and W. Galbeed)",polygon,Polygon,SO1102,Baki,SO11,Awdal,825.790274,km2,24.13833,5.949298,polygon_overlap_multi_district,True,True,Equal-area intersection in EPSG:6933; no label assignment is implied.
1529,87143416,C,"NW Guban Pastoral (Awdal, Sanaag and W. Galbeed)",polygon,Polygon,SO1101,Borama,SO11,Awdal,553.935755,km2,17.944174,3.990758,polygon_overlap_multi_district,True,True,Equal-area intersection in EPSG:6933; no label assignment is implied.
1529,87143416,C,"NW Guban Pastoral (Awdal, Sanaag and W. Galbeed)",polygon,Polygon,SO1103,Lughaye,SO11,Awdal,3284.466213,km2,98.415753,23.662508,polygon_overlap_multi_district,True,True,Equal-area intersection in EPSG:6933; no label assignment is implied.
1529,87143416,C,"NW Guban Pastoral (Awdal, Sanaag and W. Galbeed)",polygon,Polygon,SO1104,Zeylac,SO11,Awdal,4854.411374,km2,80.379723,34.972973,polygon_overlap_multi_district,True,True,Equal-area intersection in EPSG:6933; no label assignment is implied.
1529,87143416,C,"NW Guban Pastoral (Awdal, Sanaag and W. Galbeed)",polygon,Polygon,SO1502,Ceel Afweyn,SO15,Sanaag,666.781189,km2,4.254907,4.803738,polygon_overlap_multi_district,True,True,Equal-area intersection in EPSG:6933; no label assignment is implied.
1529,87143416,C,"NW Guban Pastoral (Awdal, Sanaag and W. Galbeed)",polygon,Polygon,SO1202,Berbera,SO12,Woqooyi Galbeed,3694.382168,km2,36.009378,26.615694,polygon_overlap_multi_district,True,True,Equal-area intersection in EPSG:6933; no label assignment is implied.
1530,87143416,C,"NW Hawd Pastoral of NW (W. Galbeed, Toghdeer and Sool)",polygon,Polygon,SO1702,Burtinle,SO17,Nugaal,0.198676,km2,0.002056,0.000644,boundary_sliver_preserved,True,False,Equal-area intersection in EPSG:6933; no label assignment is implied.
1530,87143416,C,"NW Hawd Pastoral of NW (W. Galbeed, Toghdeer and Sool)",polygon,Polygon,SO1701,Garoowe,SO17,Nugaal,0.112626,km2,0.00131,0.000365,boundary_sliver_preserved,True,False,Equal-area intersection in EPSG:6933; no label assignment is implied.
1530,87143416,C,"NW Hawd Pastoral of NW (W. Galbeed, Toghdeer and Sool)",polygon,Polygon,SO1402,Caynabo,SO14,Sool,703.928054,km2,8.719092,2.281735,polygon_overlap_multi_district,True,True,Equal-area intersection in EPSG:6933; no label assignment is implied.
1530,87143416,C,"NW Hawd Pastoral of NW (W. Galbeed, Toghdeer and Sool)",polygon,Polygon,SO1401,Laas Caanood,SO14,Sool,3518.650308,km2,30.426079,11.405465,polygon_overlap_multi_district,True,True,Equal-area intersection in EPSG:6933; no label assignment is implied.
1530,87143416,C,"NW Hawd Pastoral of NW (W. Galbeed, Toghdeer and Sool)",polygon,Polygon,SO1301,Burco,SO13,Togdheer,10981.709727,km2,68.330169,35.596465,polygon_overlap_multi_district,True,True,Equal-area intersection in EPSG:6933; no label assignment is implied.
1530,87143416,C,"NW Hawd Pastoral of NW (W. Galbeed, Toghdeer and Sool)",polygon,Polygon,SO1302,Buuhoodle,SO13,Togdheer,6727.796408,km2,99.140373,21.807694,polygon_overlap_multi_district,True,True,Equal-area intersection in EPSG:6933; no label assignment is implied.
1530,87143416,C,"NW Hawd Pastoral of NW (W. Galbeed, Toghdeer and Sool)",polygon,Polygon,SO1303,Owdweyne,SO13,Togdheer,5488.09267,km2,65.695722,17.789279,polygon_overlap_multi_district,True,True,Equal-area intersection in EPSG:6933; no label assignment is implied.
1530,87143416,C,"NW Hawd Pastoral of NW (W. Galbeed, Toghdeer and Sool)",polygon,Polygon,SO1201,Hargeysa,SO12,Woqooyi Galbeed,3411.588462,km2,24.883969,11.058432,polygon_overlap_multi_district,True,True,Equal-area intersection in EPSG:6933; no label assignment is implied.
1531,87143416,C,NW Northern Inland Pastoral (Sanaag and Sool),polygon,Polygon,SO1601,Bossaso,SO16,Bari,0.035237,km2,0.000447,5.6e-05,boundary_sliver_preserved,True,False,Equal-area intersection in EPSG:6933; no label assignment is implied.
1531,87143416,C,NW Northern Inland Pastoral (Sanaag and Sool),polygon,Polygon,SO1606,Qardho,SO16,Bari,0.344196,km2,0.001847,0.000548,boundary_sliver_preserved,True,False,Equal-area intersection in EPSG:6933; no label assignment is implied.
1531,87143416,C,NW Northern Inland Pastoral (Sanaag and Sool),polygon,Polygon,SO1701,Garoowe,SO17,Nugaal,1.031743,km2,0.012004,0.001643,boundary_sliver_preserved,True,False,Equal-area intersection in EPSG:6933; no label assignment is implied.
1531,87143416,C,NW Northern Inland Pastoral (Sanaag and Sool),polygon,Polygon,SO1502,Ceel Afweyn,SO15,Sanaag,5753.273407,km2,36.713162,9.16307,polygon_overlap_multi_district,True,True,Equal-area intersection in EPSG:6933; no label assignment is implied.
1531,87143416,C,NW Northern Inland Pastoral (Sanaag and Sool),polygon,Polygon,SO1501,Ceerigaabo,SO15,Sanaag,17928.572996,km2,69.044841,28.554313,polygon_overlap_multi_district,True,True,Equal-area intersection in EPSG:6933; no label assignment is implied.
1531,87143416,C,NW Northern Inland Pastoral (Sanaag and Sool),polygon,Polygon,SO1503,Laasqoray,SO15,Sanaag,6224.039663,km2,51.129536,9.912846,polygon_overlap_multi_district,True,True,Equal-area intersection in EPSG:6933; no label assignment is implied.
1531,87143416,C,NW Northern Inland Pastoral (Sanaag and Sool),polygon,Polygon,SO1402,Caynabo,SO14,Sool,7140.86594,km2,88.449191,11.373048,polygon_overlap_multi_district,True,True,Equal-area intersection in EPSG:6933; no label assignment is implied.
1531,87143416,C,NW Northern Inland Pastoral (Sanaag and Sool),polygon,Polygon,SO1401,Laas Caanood,SO14,Sool,8045.898225,km2,69.57359,12.814466,polygon_overlap_multi_district,True,True,Equal-area intersection in EPSG:6933; no label assignment is implied.
1531,87143416,C,NW Northern Inland Pastoral (Sanaag and Sool),polygon,Polygon,SO1403,Taleex,SO14,Sool,8589.032816,km2,99.998446,13.679501,polygon_overlap_multi_district,True,True,Equal-area intersection in EPSG:6933; no label assignment is implied.
1531,87143416,C,NW Northern Inland Pastoral (Sanaag and Sool),polygon,Polygon,SO1404,Xudun,SO14,Sool,9104.523416,km2,100.0,14.500508,polygon_overlap_multi_district,True,True,Equal-area intersection in EPSG:6933; no label assignment is implied.
1531,87143416,C,NW Northern Inland Pastoral (Sanaag and Sool),polygon,Polygon,SO1302,Buuhoodle,SO13,Togdheer,0.000601,km2,9e-06,1e-06,boundary_sliver_preserved,True,False,Equal-area intersection in EPSG:6933; no label assignment is implied.
1532,87143416,C,"NW Northwest Agro-pastoral (Awdal, W. Galbeed & Togdheer)",polygon,Polygon,SO1102,Baki,SO11,Awdal,269.445788,km2,7.876057,2.992057,polygon_overlap_multi_district,True,True,Equal-area intersection in EPSG:6933; no label assignment is implied.
1532,87143416,C,"NW Northwest Agro-pastoral (Awdal, W. Galbeed & Togdheer)",polygon,Polygon,SO1101,Borama,SO11,Awdal,1110.450117,km2,35.971879,12.330976,polygon_overlap_multi_district,True,True,Equal-area intersection in EPSG:6933; no label assignment is implied.
1532,87143416,C,"NW Northwest Agro-pastoral (Awdal, W. Galbeed & Togdheer)",polygon,Polygon,SO1303,Owdweyne,SO13,Togdheer,22.42596,km2,0.268452,0.249029,polygon_overlap_multi_district,True,True,Equal-area intersection in EPSG:6933; no label assignment is implied.
1532,87143416,C,"NW Northwest Agro-pastoral (Awdal, W. Galbeed & Togdheer)",polygon,Polygon,SO1203,Gebiley,SO12,Woqooyi Galbeed,1942.343361,km2,45.402909,21.568722,polygon_overlap_multi_district,True,True,Equal-area intersection in EPSG:6933; no label assignment is implied.
1532,87143416,C,"NW Northwest Agro-pastoral (Awdal, W. Galbeed & Togdheer)",polygon,Polygon,SO1201,Hargeysa,SO12,Woqooyi Galbeed,5660.080998,km2,41.284369,62.852283,polygon_overlap_multi_district,True,True,Equal-area intersection in EPSG:6933; no label assignment is implied.
1533,87143416,C,NW Toghdeer Agro-pastoral (Toghdeer),polygon,Polygon,SO1301,Burco,SO13,Togdheer,2296.222653,km2,14.287509,56.863234,polygon_overlap_multi_district,True,True,Equal-area intersection in EPSG:6933; no label assignment is implied.
1533,87143416,C,NW Toghdeer Agro-pastoral (Toghdeer),polygon,Polygon,SO1303,Owdweyne,SO13,Togdheer,1497.291779,km2,17.92347,37.078657,polygon_overlap_multi_district,True,True,Equal-area intersection in EPSG:6933; no label assignment is implied.
1533,87143416,C,NW Toghdeer Agro-pastoral (Toghdeer),polygon,Polygon,SO1304,Sheikh,SO13,Togdheer,244.635525,km2,8.255391,6.058109,polygon_overlap_multi_district,True,True,Equal-area intersection in EPSG:6933; no label assignment is implied.
1534,87143416,C,"NW West Golis Pastoral (Awdal, W. Galbeed, Toghdeer, Sool and Sanaag)",polygon,Polygon,SO1102,Baki,SO11,Awdal,2325.821653,km2,67.985121,8.117578,polygon_overlap_multi_district,True,True,Equal-area intersection in EPSG:6933; no label assignment is implied.
1534,87143416,C,"NW West Golis Pastoral (Awdal, W. Galbeed, Toghdeer, Sool and Sanaag)",polygon,Polygon,SO1101,Borama,SO11,Awdal,1422.516442,km2,46.080943,4.964864,polygon_overlap_multi_district,True,True,Equal-area intersection in EPSG:6933; no label assignment is implied.
1534,87143416,C,"NW West Golis Pastoral (Awdal, W. Galbeed, Toghdeer, Sool and Sanaag)",polygon,Polygon,SO1103,Lughaye,SO11,Awdal,52.798583,km2,1.582057,0.184278,polygon_overlap_multi_district,True,True,Equal-area intersection in EPSG:6933; no label assignment is implied.
1534,87143416,C,"NW West Golis Pastoral (Awdal, W. Galbeed, Toghdeer, Sool and Sanaag)",polygon,Polygon,SO1104,Zeylac,SO11,Awdal,1174.747955,km2,19.451569,4.100103,polygon_overlap_multi_district,True,True,Equal-area intersection in EPSG:6933; no label assignment is implied.
1534,87143416,C,"NW West Golis Pastoral (Awdal, W. Galbeed, Toghdeer, Sool and Sanaag)",polygon,Polygon,SO1502,Ceel Afweyn,SO15,Sanaag,3049.508828,km2,19.459724,10.64339,polygon_overlap_multi_district,True,True,Equal-area intersection in EPSG:6933; no label assignment is implied.
1534,87143416,C,"NW West Golis Pastoral (Awdal, W. Galbeed, Toghdeer, Sool and Sanaag)",polygon,Polygon,SO1402,Caynabo,SO14,Sool,228.492455,km2,2.830185,0.797484,polygon_overlap_multi_district,True,True,Equal-area intersection in EPSG:6933; no label assignment is implied.
1534,87143416,C,"NW West Golis Pastoral (Awdal, W. Galbeed, Toghdeer, Sool and Sanaag)",polygon,Polygon,SO1301,Burco,SO13,Togdheer,2793.417595,km2,17.381146,9.749581,polygon_overlap_multi_district,True,True,Equal-area intersection in EPSG:6933; no label assignment is implied.
1534,87143416,C,"NW West Golis Pastoral (Awdal, W. Galbeed, Toghdeer, Sool and Sanaag)",polygon,Polygon,SO1303,Owdweyne,SO13,Togdheer,1345.962078,km2,16.111964,4.697674,polygon_overlap_multi_district,True,True,Equal-area intersection in EPSG:6933; no label assignment is implied.
1534,87143416,C,"NW West Golis Pastoral (Awdal, W. Galbeed, Toghdeer, Sool and Sanaag)",polygon,Polygon,SO1304,Sheikh,SO13,Togdheer,2718.707081,km2,91.744609,9.488826,polygon_overlap_multi_district,True,True,Equal-area intersection in EPSG:6933; no label assignment is implied.
1534,87143416,C,"NW West Golis Pastoral (Awdal, W. Galbeed, Toghdeer, Sool and Sanaag)",polygon,Polygon,SO1202,Berbera,SO12,Woqooyi Galbeed,6564.89835,km2,63.988482,22.912796,polygon_overlap_multi_district,True,True,Equal-area intersection in EPSG:6933; no label assignment is implied.
1534,87143416,C,"NW West Golis Pastoral (Awdal, W. Galbeed, Toghdeer, Sool and Sanaag)",polygon,Polygon,SO1203,Gebiley,SO12,Woqooyi Galbeed,2335.650808,km2,54.596599,8.151884,polygon_overlap_multi_district,True,True,Equal-area intersection in EPSG:6933; no label assignment is implied.
1534,87143416,C,"NW West Golis Pastoral (Awdal, W. Galbeed, Toghdeer, Sool and Sanaag)",polygon,Polygon,SO1201,Hargeysa,SO12,Woqooyi Galbeed,4638.252437,km2,33.831199,16.18842,polygon_overlap_multi_district,True,True,Equal-area intersection in EPSG:6933; no label assignment is implied.
1524,87143416,C,Nugaal Urban (Burtinle and Eyl),urb,Point,SO1702,Burtinle,SO17,Nugaal,,,,,reference_point_within_district_not_area_mapping,True,False,District contains the supplied IPC reference point only; this does not prove that the IPC population or label belongs to that district.
1525,87143416,C,Nugaal Urban (Garoowe),urb,Point,SO1701,Garoowe,SO17,Nugaal,,,,,reference_point_within_district_not_area_mapping,True,False,District contains the supplied IPC reference point only; this does not prove that the IPC population or label belongs to that district.
1526,87143416,C,Nugaal Urban IDPs (Burtinle and Eyl),idp,Point,SO1702,Burtinle,SO17,Nugaal,,,,,reference_point_within_district_not_area_mapping,True,False,District contains the supplied IPC reference point only; this does not prove that the IPC population or label belongs to that district.
1527,87143416,C,Nugaal Urban IDPs (Garoowe),idp,Point,SO1701,Garoowe,SO17,Nugaal,,,,,reference_point_within_district_not_area_mapping,True,False,District contains the supplied IPC reference point only; this does not prove that the IPC population or label belongs to that district.
1535,87143416,C,Sanaag Urban (Ceel Afweyn and Laasqoray),urb,Point,SO1501,Ceerigaabo,SO15,Sanaag,,,,,reference_point_within_district_not_area_mapping,True,False,District contains the supplied IPC reference point only; this does not prove that the IPC population or label belongs to that district.
1536,87143416,C,Sanaag Urban (Ceerigaabo),urb,Point,SO1501,Ceerigaabo,SO15,Sanaag,,,,,reference_point_within_district_not_area_mapping,True,False,District contains the supplied IPC reference point only; this does not prove that the IPC population or label belongs to that district.
1537,87143416,C,Sanaag Urban IDPs (Ceel Afweyn and Laasqoray),idp,Point,SO1501,Ceerigaabo,SO15,Sanaag,,,,,reference_point_within_district_not_area_mapping,True,False,District contains the supplied IPC reference point only; this does not prove that the IPC population or label belongs to that district.
1538,87143416,C,Sanaag Urban IDPs (Ceerigaabo),idp,Point,SO1501,Ceerigaabo,SO15,Sanaag,,,,,reference_point_within_district_not_area_mapping,True,False,District contains the supplied IPC reference point only; this does not prove that the IPC population or label belongs to that district.
1539,87143416,C,Shabelle Coastal Deeh Pastoral and Fishing (L. Shabelle & M. Shabelle),polygon,MultiPolygon,SO2204,Dharkenley,SO22,Banadir,0.028241,km2,0.120267,0.000902,boundary_sliver_preserved,True,False,Equal-area intersection in EPSG:6933; no label assignment is implied.
1539,87143416,C,Shabelle Coastal Deeh Pastoral and Fishing (L. Shabelle & M. Shabelle),polygon,MultiPolygon,Unspecified,Unspecified,SO22,Banadir,0.01019,km2,0.007144,0.000325,boundary_sliver_preserved,True,False,Equal-area intersection in EPSG:6933; no label assignment is implied.
1539,87143416,C,Shabelle Coastal Deeh Pastoral and Fishing (L. Shabelle & M. Shabelle),polygon,MultiPolygon,SO1905,Ceel Dheer,SO19,Galgaduud,0.085429,km2,0.000824,0.002727,boundary_sliver_preserved,True,False,Equal-area intersection in EPSG:6933; no label assignment is implied.
1539,87143416,C,Shabelle Coastal Deeh Pastoral and Fishing (L. Shabelle & M. Shabelle),polygon,MultiPolygon,SO2302,Afgooye,SO23,Lower Shabelle,61.297896,km2,1.599719,1.956781,polygon_overlap_multi_district,True,True,Equal-area intersection in EPSG:6933; no label assignment is implied.
1539,87143416,C,Shabelle Coastal Deeh Pastoral and Fishing (L. Shabelle & M. Shabelle),polygon,MultiPolygon,SO2301,Marka,SO23,Lower Shabelle,77.203113,km2,7.472667,2.464515,polygon_overlap_multi_district,True,True,Equal-area intersection in EPSG:6933; no label assignment is implied.
1539,87143416,C,Shabelle Coastal Deeh Pastoral and Fishing (L. Shabelle & M. Shabelle),polygon,MultiPolygon,SO2102,Adan Yabaal,SO21,Middle Shabelle,841.825609,km2,21.170228,26.873168,polygon_overlap_multi_district,True,True,Equal-area intersection in EPSG:6933; no label assignment is implied.
1539,87143416,C,Shabelle Coastal Deeh Pastoral and Fishing (L. Shabelle & M. Shabelle),polygon,MultiPolygon,SO2103,Balcad,SO21,Middle Shabelle,522.138939,km2,12.354228,16.667974,polygon_overlap_multi_district,True,True,Equal-area intersection in EPSG:6933; no label assignment is implied.
1539,87143416,C,Shabelle Coastal Deeh Pastoral and Fishing (L. Shabelle & M. Shabelle),polygon,MultiPolygon,SO2104,Cadale,SO21,Middle Shabelle,1622.106153,km2,27.86365,51.781665,polygon_overlap_multi_district,True,True,Equal-area intersection in EPSG:6933; no label assignment is implied.
1540,87143416,C,Shabelle Cowpea Belt (M Shabelle),polygon,MultiPolygon,SO1905,Ceel Dheer,SO19,Galgaduud,0.250233,km2,0.002414,0.002728,boundary_sliver_preserved,True,False,Equal-area intersection in EPSG:6933; no label assignment is implied.
1540,87143416,C,Shabelle Cowpea Belt (M Shabelle),polygon,MultiPolygon,SO2002,Bulo Burto,SO20,Hiraan,0.043713,km2,0.000272,0.000476,boundary_sliver_preserved,True,False,Equal-area intersection in EPSG:6933; no label assignment is implied.
1540,87143416,C,Shabelle Cowpea Belt (M Shabelle),polygon,MultiPolygon,SO2003,Jalalaqsi,SO20,Hiraan,8.7e-05,km2,3e-06,1e-06,boundary_sliver_preserved,True,False,Equal-area intersection in EPSG:6933; no label assignment is implied.
1540,87143416,C,Shabelle Cowpea Belt (M Shabelle),polygon,MultiPolygon,SO2102,Adan Yabaal,SO21,Middle Shabelle,2927.049574,km2,73.609436,31.906041,polygon_overlap_multi_district,True,True,Equal-area intersection in EPSG:6933; no label assignment is implied.
1540,87143416,C,Shabelle Cowpea Belt (M Shabelle),polygon,MultiPolygon,SO2103,Balcad,SO21,Middle Shabelle,1298.941588,km2,30.734005,14.158996,polygon_overlap_multi_district,True,True,Equal-area intersection in EPSG:6933; no label assignment is implied.
1540,87143416,C,Shabelle Cowpea Belt (M Shabelle),polygon,MultiPolygon,SO2104,Cadale,SO21,Middle Shabelle,4026.660161,km2,69.16776,43.892248,polygon_overlap_multi_district,True,True,Equal-area intersection in EPSG:6933; no label assignment is implied.
1540,87143416,C,Shabelle Cowpea Belt (M Shabelle),polygon,MultiPolygon,SO2101,Jowhar,SO21,Middle Shabelle,921.021297,km2,19.865068,10.03951,polygon_overlap_multi_district,True,True,Equal-area intersection in EPSG:6933; no label assignment is implied.
1541,87143416,C,Shabelle Peri-urban Agropastoral (Banadir),polygon,MultiPolygon,SO2204,Dharkenley,SO22,Banadir,8.512891,km2,36.253366,33.424497,polygon_overlap_multi_district,True,True,Equal-area intersection in EPSG:6933; no label assignment is implied.
1541,87143416,C,Shabelle Peri-urban Agropastoral (Banadir),polygon,MultiPolygon,SO2210,Kahda,SO22,Banadir,0.226515,km2,0.820511,0.889373,polygon_overlap_multi_district,True,True,Equal-area intersection in EPSG:6933; no label assignment is implied.
1541,87143416,C,Shabelle Peri-urban Agropastoral (Banadir),polygon,MultiPolygon,Unspecified,Unspecified,SO22,Banadir,16.696727,km2,11.706201,65.557009,polygon_overlap_multi_district,True,True,Equal-area intersection in EPSG:6933; no label assignment is implied.
1541,87143416,C,Shabelle Peri-urban Agropastoral (Banadir),polygon,MultiPolygon,SO2302,Afgooye,SO23,Lower Shabelle,0.000688,km2,1.8e-05,0.002702,boundary_sliver_preserved,True,False,Equal-area intersection in EPSG:6933; no label assignment is implied.
1541,87143416,C,Shabelle Peri-urban Agropastoral (Banadir),polygon,MultiPolygon,SO2103,Balcad,SO21,Middle Shabelle,0.030276,km2,0.000716,0.118873,polygon_overlap_multi_district,True,True,Equal-area intersection in EPSG:6933; no label assignment is implied.
1542,87143416,C,Shabelle Riverine Gravity Irrigation (L Shabelle & M Shabelle),polygon,Polygon,SO2302,Afgooye,SO23,Lower Shabelle,896.228853,km2,23.389298,17.35233,polygon_overlap_multi_district,True,True,Equal-area intersection in EPSG:6933; no label assignment is implied.
1542,87143416,C,Shabelle Riverine Gravity Irrigation (L Shabelle & M Shabelle),polygon,Polygon,SO2303,Baraawe,SO23,Lower Shabelle,225.380261,km2,6.863806,4.363699,polygon_overlap_multi_district,True,True,Equal-area intersection in EPSG:6933; no label assignment is implied.
1542,87143416,C,Shabelle Riverine Gravity Irrigation (L Shabelle & M Shabelle),polygon,Polygon,SO2304,Kurtunwaarey,SO23,Lower Shabelle,588.258276,km2,23.105723,11.389559,polygon_overlap_multi_district,True,True,Equal-area intersection in EPSG:6933; no label assignment is implied.
1542,87143416,C,Shabelle Riverine Gravity Irrigation (L Shabelle & M Shabelle),polygon,Polygon,SO2301,Marka,SO23,Lower Shabelle,520.121808,km2,50.343786,10.070335,polygon_overlap_multi_district,True,True,Equal-area intersection in EPSG:6933; no label assignment is implied.
1542,87143416,C,Shabelle Riverine Gravity Irrigation (L Shabelle & M Shabelle),polygon,Polygon,SO2305,Qoryooley,SO23,Lower Shabelle,703.400364,km2,21.888326,13.618882,polygon_overlap_multi_district,True,True,Equal-area intersection in EPSG:6933; no label assignment is implied.
1542,87143416,C,Shabelle Riverine Gravity Irrigation (L Shabelle & M Shabelle),polygon,Polygon,SO2306,Sablaale,SO23,Lower Shabelle,913.467794,km2,15.245238,17.686101,polygon_overlap_multi_district,True,True,Equal-area intersection in EPSG:6933; no label assignment is implied.
1542,87143416,C,Shabelle Riverine Gravity Irrigation (L Shabelle & M Shabelle),polygon,Polygon,SO2702,Jilib,SO27,Middle Juba,0.166285,km2,0.003167,0.00322,boundary_sliver_preserved,True,False,Equal-area intersection in EPSG:6933; no label assignment is implied.
1542,87143416,C,Shabelle Riverine Gravity Irrigation (L Shabelle & M Shabelle),polygon,Polygon,SO2103,Balcad,SO21,Middle Shabelle,712.256567,km2,16.852565,13.790351,polygon_overlap_multi_district,True,True,Equal-area intersection in EPSG:6933; no label assignment is implied.
1542,87143416,C,Shabelle Riverine Gravity Irrigation (L Shabelle & M Shabelle),polygon,Polygon,SO2101,Jowhar,SO21,Middle Shabelle,605.610469,km2,13.062122,11.725523,polygon_overlap_multi_district,True,True,Equal-area intersection in EPSG:6933; no label assignment is implied.
1543,87143416,C,Shabelle Sorghum High Potential Agropastoral (M Shabelle and L Shabelle),polygon,MultiPolygon,SO2204,Dharkenley,SO22,Banadir,0.000652,km2,0.002775,6e-06,boundary_sliver_preserved,True,False,Equal-area intersection in EPSG:6933; no label assignment is implied.
1543,87143416,C,Shabelle Sorghum High Potential Agropastoral (M Shabelle and L Shabelle),polygon,MultiPolygon,SO2210,Kahda,SO22,Banadir,0.000825,km2,0.002988,8e-06,boundary_sliver_preserved,True,False,Equal-area intersection in EPSG:6933; no label assignment is implied.
1543,87143416,C,Shabelle Sorghum High Potential Agropastoral (M Shabelle and L Shabelle),polygon,MultiPolygon,SO2402,Buur Hakaba,SO24,Bay,0.256854,km2,0.001425,0.002512,boundary_sliver_preserved,True,False,Equal-area intersection in EPSG:6933; no label assignment is implied.
1543,87143416,C,Shabelle Sorghum High Potential Agropastoral (M Shabelle and L Shabelle),polygon,MultiPolygon,SO2003,Jalalaqsi,SO20,Hiraan,0.000535,km2,1.7e-05,5e-06,boundary_sliver_preserved,True,False,Equal-area intersection in EPSG:6933; no label assignment is implied.
1543,87143416,C,Shabelle Sorghum High Potential Agropastoral (M Shabelle and L Shabelle),polygon,MultiPolygon,SO2302,Afgooye,SO23,Lower Shabelle,2750.607946,km2,71.783885,26.899801,polygon_overlap_multi_district,True,True,Equal-area intersection in EPSG:6933; no label assignment is implied.
1543,87143416,C,Shabelle Sorghum High Potential Agropastoral (M Shabelle and L Shabelle),polygon,MultiPolygon,SO2301,Marka,SO23,Lower Shabelle,41.897583,km2,4.055363,0.409741,polygon_overlap_multi_district,True,True,Equal-area intersection in EPSG:6933; no label assignment is implied.
1543,87143416,C,Shabelle Sorghum High Potential Agropastoral (M Shabelle and L Shabelle),polygon,MultiPolygon,SO2305,Qoryooley,SO23,Lower Shabelle,778.134289,km2,24.213887,7.60983,polygon_overlap_multi_district,True,True,Equal-area intersection in EPSG:6933; no label assignment is implied.
1543,87143416,C,Shabelle Sorghum High Potential Agropastoral (M Shabelle and L Shabelle),polygon,MultiPolygon,SO2306,Sablaale,SO23,Lower Shabelle,11.781873,km2,0.196632,0.115222,polygon_overlap_multi_district,True,True,Equal-area intersection in EPSG:6933; no label assignment is implied.
1543,87143416,C,Shabelle Sorghum High Potential Agropastoral (M Shabelle and L Shabelle),polygon,MultiPolygon,SO2307,Wanla Weyn,SO23,Lower Shabelle,2374.686667,km2,41.57426,23.223447,polygon_overlap_multi_district,True,True,Equal-area intersection in EPSG:6933; no label assignment is implied.
1543,87143416,C,Shabelle Sorghum High Potential Agropastoral (M Shabelle and L Shabelle),polygon,MultiPolygon,SO2701,Bu'aale,SO27,Middle Juba,0.014433,km2,0.000263,0.000141,boundary_sliver_preserved,True,False,Equal-area intersection in EPSG:6933; no label assignment is implied.
1543,87143416,C,Shabelle Sorghum High Potential Agropastoral (M Shabelle and L Shabelle),polygon,MultiPolygon,SO2103,Balcad,SO21,Middle Shabelle,1685.782734,km2,39.886979,16.486254,polygon_overlap_multi_district,True,True,Equal-area intersection in EPSG:6933; no label assignment is implied.
1543,87143416,C,Shabelle Sorghum High Potential Agropastoral (M Shabelle and L Shabelle),polygon,MultiPolygon,SO2101,Jowhar,SO21,Middle Shabelle,2582.219615,km2,55.69466,25.253033,polygon_overlap_multi_district,True,True,Equal-area intersection in EPSG:6933; no label assignment is implied.
1544,87143416,C,Shabelle Southern Inland Pastoral (M Shabelle and L Shabelle),polygon,MultiPolygon,SO2402,Buur Hakaba,SO24,Bay,0.500373,km2,0.002776,0.004085,boundary_sliver_preserved,True,False,Equal-area intersection in EPSG:6933; no label assignment is implied.
1544,87143416,C,Shabelle Southern Inland Pastoral (M Shabelle and L Shabelle),polygon,MultiPolygon,SO2403,Diinsoor,SO24,Bay,0.042751,km2,0.000439,0.000349,boundary_sliver_preserved,True,False,Equal-area intersection in EPSG:6933; no label assignment is implied.
1544,87143416,C,Shabelle Southern Inland Pastoral (M Shabelle and L Shabelle),polygon,MultiPolygon,SO2002,Bulo Burto,SO20,Hiraan,0.144162,km2,0.000898,0.001177,boundary_sliver_preserved,True,False,Equal-area intersection in EPSG:6933; no label assignment is implied.
1544,87143416,C,Shabelle Southern Inland Pastoral (M Shabelle and L Shabelle),polygon,MultiPolygon,SO2003,Jalalaqsi,SO20,Hiraan,0.027454,km2,0.000879,0.000224,boundary_sliver_preserved,True,False,Equal-area intersection in EPSG:6933; no label assignment is implied.
1544,87143416,C,Shabelle Southern Inland Pastoral (M Shabelle and L Shabelle),polygon,MultiPolygon,SO2304,Kurtunwaarey,SO23,Lower Shabelle,1686.888816,km2,66.257946,13.771635,polygon_overlap_multi_district,True,True,Equal-area intersection in EPSG:6933; no label assignment is implied.
1544,87143416,C,Shabelle Southern Inland Pastoral (M Shabelle and L Shabelle),polygon,MultiPolygon,SO2305,Qoryooley,SO23,Lower Shabelle,1731.970189,km2,53.895235,14.139676,polygon_overlap_multi_district,True,True,Equal-area intersection in EPSG:6933; no label assignment is implied.
1544,87143416,C,Shabelle Southern Inland Pastoral (M Shabelle and L Shabelle),polygon,MultiPolygon,SO2306,Sablaale,SO23,Lower Shabelle,4799.708794,km2,80.104303,39.184466,polygon_overlap_multi_district,True,True,Equal-area intersection in EPSG:6933; no label assignment is implied.
1544,87143416,C,Shabelle Southern Inland Pastoral (M Shabelle and L Shabelle),polygon,MultiPolygon,SO2307,Wanla Weyn,SO23,Lower Shabelle,3130.703828,km2,54.81005,25.558833,polygon_overlap_multi_district,True,True,Equal-area intersection in EPSG:6933; no label assignment is implied.
1544,87143416,C,Shabelle Southern Inland Pastoral (M Shabelle and L Shabelle),polygon,MultiPolygon,SO2702,Jilib,SO27,Middle Juba,0.342139,km2,0.006516,0.002793,boundary_sliver_preserved,True,False,Equal-area intersection in EPSG:6933; no label assignment is implied.
1544,87143416,C,Shabelle Southern Inland Pastoral (M Shabelle and L Shabelle),polygon,MultiPolygon,SO2102,Adan Yabaal,SO21,Middle Shabelle,207.559623,km2,5.219709,1.694501,polygon_overlap_multi_district,True,True,Equal-area intersection in EPSG:6933; no label assignment is implied.
1544,87143416,C,Shabelle Southern Inland Pastoral (M Shabelle and L Shabelle),polygon,MultiPolygon,SO2104,Cadale,SO21,Middle Shabelle,172.654083,km2,2.965757,1.409535,polygon_overlap_multi_district,True,True,Equal-area intersection in EPSG:6933; no label assignment is implied.
1544,87143416,C,Shabelle Southern Inland Pastoral (M Shabelle and L Shabelle),polygon,MultiPolygon,SO2101,Jowhar,SO21,Middle Shabelle,518.466892,km2,11.182564,4.232725,polygon_overlap_multi_district,True,True,Equal-area intersection in EPSG:6933; no label assignment is implied.
1545,87143416,C,Shabelle Southern Rainfed (L Shabelle),polygon,Polygon,SO2303,Baraawe,SO23,Lower Shabelle,3057.653673,km2,93.118805,77.472329,polygon_overlap_multi_district,True,True,Equal-area intersection in EPSG:6933; no label assignment is implied.
1545,87143416,C,Shabelle Southern Rainfed (L Shabelle),polygon,Polygon,SO2304,Kurtunwaarey,SO23,Lower Shabelle,270.75916,km2,10.634931,6.860274,polygon_overlap_multi_district,True,True,Equal-area intersection in EPSG:6933; no label assignment is implied.
1545,87143416,C,Shabelle Southern Rainfed (L Shabelle),polygon,Polygon,SO2301,Marka,SO23,Lower Shabelle,393.848444,km2,38.121497,9.97901,polygon_overlap_multi_district,True,True,Equal-area intersection in EPSG:6933; no label assignment is implied.
1545,87143416,C,Shabelle Southern Rainfed (L Shabelle),polygon,Polygon,SO2306,Sablaale,SO23,Lower Shabelle,224.232128,km2,3.742302,5.68141,polygon_overlap_multi_district,True,True,Equal-area intersection in EPSG:6933; no label assignment is implied.
1545,87143416,C,Shabelle Southern Rainfed (L Shabelle),polygon,Polygon,SO2702,Jilib,SO27,Middle Juba,0.036167,km2,0.000689,0.000916,boundary_sliver_preserved,True,False,Equal-area intersection in EPSG:6933; no label assignment is implied.
1546,87143416,C,"Sool Urban (Caynabo, Taleex and Xudun)",urb,Point,SO1404,Xudun,SO14,Sool,,,,,reference_point_within_district_not_area_mapping,True,False,District contains the supplied IPC reference point only; this does not prove that the IPC population or label belongs to that district.
1549,87143416,C,Sool Urban (Laas Caanood),urb,Point,SO1401,Laas Caanood,SO14,Sool,,,,,reference_point_within_district_not_area_mapping,True,False,District contains the supplied IPC reference point only; this does not prove that the IPC population or label belongs to that district.
1547,87143416,C,"Sool Urban IDPs (Caynabo, Taleex and Xudun)",idp,Point,SO1404,Xudun,SO14,Sool,,,,,reference_point_within_district_not_area_mapping,True,False,District contains the supplied IPC reference point only; this does not prove that the IPC population or label belongs to that district.
1548,87143416,C,Sool Urban IDPs (Laas Caanood),idp,Point,SO1401,Laas Caanood,SO14,Sool,,,,,reference_point_within_district_not_area_mapping,True,False,District contains the supplied IPC reference point only; this does not prove that the IPC population or label belongs to that district.
1550,87143416,C,Togdheer Urban (Burco),urb,Point,SO1301,Burco,SO13,Togdheer,,,,,reference_point_within_district_not_area_mapping,True,False,District contains the supplied IPC reference point only; this does not prove that the IPC population or label belongs to that district.
1551,87143416,C,"Togdheer Urban (Buuhoodle, Owdweyne and Sheikh)",urb,Point,SO1301,Burco,SO13,Togdheer,,,,,reference_point_within_district_not_area_mapping,True,False,District contains the supplied IPC reference point only; this does not prove that the IPC population or label belongs to that district.
1552,87143416,C,Togdheer Urban IDPs (Burco),idp,Point,SO1301,Burco,SO13,Togdheer,,,,,reference_point_within_district_not_area_mapping,True,False,District contains the supplied IPC reference point only; this does not prove that the IPC population or label belongs to that district.
1553,87143416,C,Togdheer Urban IDPs (Buuhoodle and Owdweyne),idp,Point,SO1301,Burco,SO13,Togdheer,,,,,reference_point_within_district_not_area_mapping,True,False,District contains the supplied IPC reference point only; this does not prove that the IPC population or label belongs to that district.
1554,87143416,C,Woqooyi Galbeed Urban (Berbera and Gebiley),urb,Point,SO1202,Berbera,SO12,Woqooyi Galbeed,,,,,reference_point_within_district_not_area_mapping,True,False,District contains the supplied IPC reference point only; this does not prove that the IPC population or label belongs to that district.
1555,87143416,C,Woqooyi Galbeed Urban (Hargeysa),urb,Point,SO1201,Hargeysa,SO12,Woqooyi Galbeed,,,,,reference_point_within_district_not_area_mapping,True,False,District contains the supplied IPC reference point only; this does not prove that the IPC population or label belongs to that district.
1556,87143416,C,Woqooyi Galbeed Urban IDPs (Berbera and Gebiley),idp,Point,SO1202,Berbera,SO12,Woqooyi Galbeed,,,,,reference_point_within_district_not_area_mapping,True,False,District contains the supplied IPC reference point only; this does not prove that the IPC population or label belongs to that district.
1557,87143416,C,Woqooyi Galbeed Urban IDPs (Hargeysa),idp,Point,SO1201,Hargeysa,SO12,Woqooyi Galbeed,,,,,reference_point_within_district_not_area_mapping,True,False,District contains the supplied IPC reference point only; this does not prove that the IPC population or label belongs to that district.
